,Sex,Ticket,Age,Fare,Name,PassengerId,Title,Title_n,Cabin,Pclass,Fare_,Pclass_,Family,Family_,Age_,SibSp,Embarked,Parch,Survived
0,0,720,22.0,7.25,155,1,12,1.0,186,3,1,1,1,3,4,1,2,0,0.0
1,1,816,38.0,71.2833,286,2,13,2.0,106,1,0,3,1,3,0,1,0,0,1.0
2,1,914,26.0,7.925,523,3,9,2.0,186,3,1,1,0,2,0,0,2,0,1.0
3,1,65,35.0,53.1,422,4,13,2.0,70,1,0,3,1,3,0,1,2,0,1.0
4,0,649,35.0,8.05,22,5,12,1.0,186,3,3,1,0,2,0,0,2,0,0.0
5,0,373,32.25215146299484,8.4583,818,6,12,1.0,186,3,3,1,0,2,0,0,1,0,0.0
6,0,109,54.0,51.8625,767,7,12,1.0,163,1,0,3,0,2,2,0,2,0,0.0
7,0,541,2.0,21.075,914,8,8,1.0,186,3,4,1,4,1,1,3,2,1,0.0
8,1,477,27.0,11.1333,605,9,13,2.0,186,3,3,1,2,3,0,0,2,2,1.0
9,1,174,14.0,30.0708,847,10,13,2.0,186,2,5,2,1,3,4,1,0,0,1.0
10,1,839,4.0,16.7,1067,11,9,2.0,184,3,4,1,2,3,1,1,2,1,1.0
11,1,50,58.0,26.55,133,12,9,2.0,62,1,5,3,0,2,2,0,2,0,1.0
12,0,733,20.0,8.05,1070,13,12,1.0,186,3,3,1,0,2,4,0,2,0,0.0
13,0,459,39.0,31.275,38,14,12,1.0,186,3,5,1,6,2,0,1,2,5,0.0
14,1,566,14.0,7.8542,1221,15,9,2.0,186,3,1,1,0,2,4,0,2,0,0.0
15,1,204,55.0,16.0,533,16,13,2.0,186,2,3,2,0,2,2,0,2,0,1.0
16,0,659,2.0,29.125,995,17,8,1.0,186,3,5,1,5,1,1,4,1,1,0.0
17,0,201,32.25215146299484,13.0,1271,18,12,1.0,186,2,3,2,0,2,0,0,2,0,1.0
18,1,417,31.0,18.0,1217,19,13,2.0,186,3,4,1,1,3,0,1,2,0,0.0
19,1,243,36.99411764705882,7.225,760,20,13,2.0,186,3,1,1,0,2,0,0,0,0,1.0
20,0,182,35.0,26.0,423,21,12,1.0,186,2,5,2,0,2,0,0,2,0,0.0
21,0,203,34.0,13.0,112,22,12,1.0,143,2,3,2,0,2,0,0,2,0,1.0
22,1,379,15.0,8.0292,778,23,9,2.0,186,3,3,1,0,2,4,0,1,0,1.0
23,0,54,28.0,35.5,1111,24,12,1.0,17,1,0,3,0,2,0,0,2,0,1.0
24,1,541,8.0,21.075,917,25,9,2.0,186,3,4,1,4,1,1,3,2,1,0.0
25,1,454,38.0,31.3875,64,26,13,2.0,186,3,5,1,6,2,0,1,2,5,1.0
26,0,238,32.25215146299484,7.225,371,27,12,1.0,186,3,1,1,0,2,0,0,0,0,0.0
27,0,123,19.0,263.0,404,28,12,1.0,80,1,0,3,5,1,4,3,2,2,0.0
28,1,385,21.774238095238097,7.8792,885,29,9,2.0,186,3,1,1,0,2,4,0,1,0,1.0
29,0,499,32.25215146299484,7.8958,1186,30,12,1.0,186,3,1,1,0,2,0,0,2,0,0.0
30,0,818,40.0,27.7208,1205,31,2,0.0,186,1,5,3,0,2,0,0,0,0,0.0
31,1,802,36.99411764705882,146.5208,1131,32,13,2.0,54,1,0,3,1,3,0,1,0,0,1.0
32,1,397,21.774238095238097,7.75,446,33,9,2.0,186,3,1,1,0,2,4,0,1,0,1.0
33,0,751,66.0,10.5,1251,34,12,1.0,186,2,3,2,0,2,3,0,2,0,0.0
34,0,820,28.0,82.1708,793,35,12,1.0,186,1,0,3,1,3,0,1,0,0,0.0
35,0,55,42.0,52.0,554,36,12,1.0,186,1,0,3,1,3,0,1,2,0,0.0
36,0,272,32.25215146299484,7.2292,750,37,12,1.0,186,3,1,1,0,2,0,0,0,0,1.0
37,0,706,21.0,8.05,194,38,12,1.0,186,3,3,1,0,2,4,0,2,0,0.0
38,1,418,18.0,18.0,1214,39,9,2.0,186,3,4,1,2,3,4,2,2,0,0.0
39,1,245,14.0,11.2417,862,40,9,2.0,186,3,3,1,1,3,4,1,0,0,1.0
40,1,695,40.0,9.475,12,41,13,2.0,186,3,3,1,1,3,0,1,2,0,0.0
41,1,69,27.0,21.0,1204,42,13,2.0,186,2,4,2,1,3,0,1,2,0,0.0
42,0,536,32.25215146299484,7.8958,662,43,12,1.0,186,3,1,1,0,2,0,0,0,0,0.0
43,1,868,3.0,41.5792,678,44,9,2.0,186,2,0,2,3,3,1,1,0,2,1.0
44,1,384,19.0,7.8792,325,45,9,2.0,186,3,1,1,0,2,4,0,1,0,1.0
45,0,840,32.25215146299484,8.05,1015,46,12,1.0,186,3,3,1,0,2,0,0,2,0,0.0
46,0,637,32.25215146299484,15.5,698,47,12,1.0,186,3,3,1,1,3,0,1,1,0,0.0
47,1,100,21.774238095238097,7.75,884,48,9,2.0,186,3,1,1,0,2,4,0,1,0,1.0
48,0,256,32.25215146299484,21.6792,1065,49,12,1.0,186,3,4,1,2,3,0,2,0,0,0.0
49,1,520,18.0,17.8,52,50,13,2.0,186,3,4,1,1,3,4,1,2,0,0.0
50,0,335,7.0,39.6875,920,51,8,1.0,186,3,0,1,5,1,1,4,2,1,0.0
51,0,718,21.0,7.8,871,52,12,1.0,186,3,1,1,0,2,4,0,2,0,0.0
52,1,803,49.0,76.7292,500,53,13,2.0,129,1,0,3,1,3,2,1,0,0,1.0
53,1,324,29.0,26.0,381,54,13,2.0,186,2,5,2,1,3,0,1,2,0,1.0
54,0,39,65.0,61.9792,907,55,12,1.0,32,1,0,3,1,3,3,0,0,1,0.0
55,0,122,32.25215146299484,35.5,1281,56,12,1.0,92,1,0,3,0,2,0,0,2,0,1.0
56,1,758,21.0,10.5,1031,57,9,2.0,186,2,3,2,0,2,4,0,2,0,1.0
57,0,292,28.5,7.2292,873,58,12,1.0,186,3,1,1,0,2,0,0,0,0,0.0
58,1,768,5.0,27.75,1247,59,9,2.0,186,2,5,2,3,3,1,1,2,2,1.0
59,0,775,11.0,46.9,457,60,8,1.0,186,3,0,1,7,0,1,5,2,2,0.0
60,0,263,22.0,7.2292,1095,61,12,1.0,186,3,1,1,0,2,4,0,0,0,0.0
61,1,42,38.0,80.0,571,62,9,2.0,30,1,0,3,0,2,0,0,2,0,1.0
62,0,630,45.0,83.475,504,63,12,1.0,105,1,0,3,1,3,0,1,2,0,0.0
63,0,464,4.0,27.9,1101,64,8,1.0,186,3,5,1,5,1,1,3,2,2,0.0
64,0,821,32.25215146299484,27.7208,1143,65,12,1.0,186,1,5,3,0,2,0,0,0,0,0.0
65,0,255,5.482641509433963,15.2458,824,66,8,1.0,186,3,3,1,2,3,1,1,0,1,1.0
66,1,755,29.0,10.5,874,67,13,2.0,181,2,3,2,0,2,0,0,2,0,1.0
67,0,849,19.0,8.1583,278,68,12,1.0,186,3,3,1,0,2,4,0,2,0,0.0
68,1,334,17.0,7.925,34,69,9,2.0,186,3,1,1,6,2,4,4,2,2,1.0
69,0,363,26.0,8.6625,652,70,12,1.0,186,3,3,1,2,3,0,2,2,0,0.0
70,0,762,32.0,10.5,587,71,12,1.0,186,2,3,2,0,2,0,0,2,0,0.0
71,1,775,16.0,46.9,459,72,9,2.0,186,3,0,1,7,0,4,5,2,2,0.0
72,0,847,21.0,73.5,558,73,12,1.0,186,2,0,2,0,2,4,0,2,0,0.0
73,0,275,26.0,14.4542,236,74,12,1.0,186,3,3,1,1,3,0,1,0,0,0.0
74,0,104,32.0,56.4958,121,75,12,1.0,186,3,0,1,0,2,0,0,2,0,1.0
75,0,481,25.0,7.65,809,76,12,1.0,179,3,1,1,0,2,0,0,2,0,0.0
76,0,491,32.25215146299484,7.8958,1134,77,12,1.0,186,3,1,1,0,2,0,0,2,0,0.0
77,0,650,32.25215146299484,8.05,828,78,12,1.0,186,3,3,1,0,2,0,0,2,0,0.0
78,0,211,0.83,29.0,184,79,8,1.0,186,2,5,2,2,3,1,0,2,2,1.0
79,1,593,30.0,12.475,343,80,9,2.0,186,3,3,1,0,2,0,0,2,0,1.0
80,0,420,22.0,9.0,1223,81,12,1.0,186,3,3,1,0,2,4,0,2,0,0.0
81,0,430,29.0,9.5,1081,82,12,1.0,186,3,3,1,0,2,0,0,2,0,1.0
82,1,382,21.774238095238097,7.7875,774,83,9,2.0,186,3,1,1,0,2,4,0,1,0,1.0
83,0,35,28.0,47.1,205,84,12,1.0,186,1,0,3,0,2,0,0,2,0,0.0
84,1,871,17.0,10.5,572,85,9,2.0,186,2,3,2,0,2,4,0,2,0,1.0
85,1,333,33.0,15.85,77,86,13,2.0,186,3,3,1,3,3,0,3,2,0,1.0
86,0,924,16.0,34.375,398,87,12,1.0,186,3,0,1,4,1,4,1,2,3,0.0
87,0,894,32.25215146299484,8.05,1110,88,12,1.0,186,3,3,1,0,2,0,0,2,0,0.0
88,1,123,23.0,263.0,403,89,9,2.0,80,1,0,3,5,1,4,3,2,2,1.0
89,0,411,24.0,8.05,218,90,12,1.0,186,3,3,1,0,2,4,0,2,0,0.0
90,0,412,29.0,8.05,233,91,12,1.0,186,3,3,1,0,2,0,0,2,0,0.0
91,0,471,20.0,7.8542,42,92,12,1.0,186,3,1,1,0,2,4,0,2,0,0.0
92,0,926,46.0,61.175,219,93,12,1.0,154,1,0,3,1,3,2,1,2,0,0.0
93,0,750,26.0,20.575,317,94,12,1.0,186,3,4,1,3,3,0,1,2,2,0.0
94,0,589,59.0,7.25,276,95,12,1.0,186,3,1,1,0,2,2,0,2,0,0.0
95,0,652,32.25215146299484,8.05,1085,96,12,1.0,186,3,3,1,0,2,0,0,2,0,0.0
96,0,830,71.0,34.6542,449,97,12,1.0,16,1,0,3,0,2,3,0,0,0,0.0
97,0,835,23.0,63.3583,469,98,12,1.0,118,1,0,3,1,3,4,0,0,1,1.0
98,1,149,34.0,23.0,337,99,13,2.0,186,2,4,2,1,3,0,0,2,1,1.0
99,0,199,34.0,26.0,620,100,12,1.0,186,2,5,2,1,3,0,1,2,0,0.0
100,1,528,28.0,7.8958,958,101,9,2.0,186,3,1,1,0,2,0,0,2,0,0.0
101,0,498,32.25215146299484,7.8958,960,102,12,1.0,186,3,1,1,0,2,0,0,2,0,0.0
102,0,574,21.0,77.2875,1254,103,12,1.0,126,1,0,3,1,3,4,0,2,1,0.0
103,0,693,33.0,8.6542,597,104,12,1.0,186,3,3,1,0,2,0,0,2,0,0.0
104,0,331,37.0,7.925,475,105,12,1.0,186,3,1,1,2,3,0,2,2,0,0.0
105,0,490,28.0,7.8958,804,106,12,1.0,186,3,1,1,0,2,0,0,2,0,0.0
106,1,409,21.0,7.65,1060,107,9,2.0,186,3,1,1,0,2,4,0,2,0,1.0
107,0,341,32.25215146299484,7.775,823,108,12,1.0,186,3,1,1,0,2,0,0,2,0,1.0
108,0,532,38.0,7.8958,985,109,12,1.0,186,3,1,1,0,2,0,0,2,0,0.0
109,1,646,21.774238095238097,24.15,816,110,9,2.0,186,3,5,1,1,3,4,1,1,0,1.0
110,0,2,47.0,52.0,974,111,12,1.0,66,1,0,3,0,2,2,0,2,0,0.0
111,1,259,14.5,14.4542,1291,112,9,2.0,186,3,3,1,1,3,4,1,0,0,0.0
112,0,370,22.0,8.05,95,113,12,1.0,186,3,3,1,0,2,4,0,2,0,0.0
113,1,674,20.0,9.825,615,114,9,2.0,186,3,3,1,1,3,4,1,2,0,0.0
114,1,235,17.0,14.4583,70,115,9,2.0,186,3,3,1,0,2,4,0,0,0,0.0
115,0,910,21.0,7.925,943,116,12,1.0,186,3,1,1,0,2,4,0,2,0,0.0
116,0,635,70.5,7.75,262,117,12,1.0,186,3,1,1,0,2,3,0,1,0,0.0
117,0,69,29.0,21.0,1203,118,12,1.0,186,2,4,2,1,3,0,1,2,0,0.0
118,0,800,24.0,247.5208,98,119,12,1.0,48,1,0,3,1,3,4,0,0,1,0.0
119,1,459,2.0,31.275,33,120,9,2.0,186,3,5,1,6,2,1,4,2,2,0.0
120,0,847,21.0,73.5,536,121,12,1.0,186,2,0,2,2,3,4,2,2,0,0.0
121,0,738,32.25215146299484,8.05,815,122,12,1.0,186,3,3,1,0,2,0,0,2,0,0.0
122,0,174,32.5,30.0708,846,123,12,1.0,186,2,5,2,1,3,0,1,0,0,0.0
123,1,297,32.5,13.0,1237,124,9,2.0,148,2,3,2,0,2,0,0,2,0,1.0
124,0,574,54.0,77.2875,1253,125,12,1.0,126,1,0,3,1,3,2,0,2,1,0.0
125,0,245,12.0,11.2417,861,126,8,1.0,186,3,3,1,1,3,1,1,0,0,1.0
126,0,638,32.25215146299484,7.75,781,127,12,1.0,186,3,1,1,0,2,0,0,1,0,0.0
127,0,742,24.0,7.1417,738,128,12,1.0,186,3,1,1,0,2,4,0,2,0,1.0
128,1,262,21.774238095238097,22.3583,954,129,9,2.0,177,3,4,1,2,3,4,1,0,1,1.0
129,0,438,45.0,6.975,364,130,12,1.0,186,3,1,1,0,2,0,0,2,0,0.0
130,0,524,33.0,7.8958,347,131,12,1.0,186,3,1,1,0,2,0,0,0,0,0.0
131,0,876,20.0,7.05,244,132,12,1.0,186,3,1,1,0,2,4,0,2,0,0.0
132,1,735,47.0,14.5,1012,133,13,2.0,186,3,3,1,1,3,2,1,2,0,0.0
133,1,143,29.0,26.0,1241,134,13,2.0,186,2,5,2,1,3,0,1,2,0,1.0
134,0,754,25.0,13.0,1123,135,12,1.0,186,2,3,2,0,2,0,0,2,0,0.0
135,0,859,23.0,15.0458,998,136,12,1.0,186,2,3,2,0,2,4,0,0,0,0.0
136,1,71,19.0,26.2833,858,137,9,2.0,139,1,5,3,2,3,4,0,2,2,1.0
137,0,65,37.0,53.1,421,138,12,1.0,70,1,0,3,1,3,0,1,2,0,0.0
138,0,691,16.0,9.2167,904,139,12,1.0,186,3,3,1,0,2,4,0,2,0,0.0
139,0,810,24.0,79.2,436,140,12,1.0,58,1,0,3,0,2,4,0,0,0,0.0
140,1,273,36.99411764705882,15.2458,140,141,13,2.0,186,3,3,1,2,3,0,0,0,2,0.0
141,1,458,22.0,7.75,875,142,9,2.0,186,3,1,1,0,2,4,0,2,0,1.0
142,1,913,24.0,15.85,483,143,13,2.0,186,3,3,1,1,3,4,1,2,0,1.0
143,0,602,19.0,6.75,170,144,12,1.0,186,3,1,1,0,2,4,0,1,0,0.0
144,0,150,18.0,11.5,43,145,12,1.0,186,2,3,2,0,2,4,0,2,0,0.0
145,0,763,19.0,36.75,859,146,12,1.0,186,2,0,2,2,3,4,1,2,1,0.0
146,0,553,27.0,7.7958,39,147,12,1.0,186,3,1,1,0,2,0,0,2,0,1.0
147,1,924,9.0,34.375,395,148,9,2.0,186,3,0,1,4,1,1,2,2,2,0.0
148,0,145,36.5,26.0,852,149,12,1.0,180,2,5,2,2,3,0,0,2,2,0.0
149,0,194,42.0,13.0,176,150,15,0.0,186,2,3,2,0,2,0,0,2,0,0.0
150,0,848,51.0,12.525,96,151,15,0.0,186,2,3,2,0,2,2,0,2,0,0.0
151,1,46,22.0,66.6,940,152,13,2.0,78,1,0,3,1,3,4,1,2,0,1.0
152,0,709,55.5,8.05,790,153,12,1.0,186,3,3,1,0,2,2,0,2,0,0.0
153,0,736,40.5,14.5,1305,154,12,1.0,186,3,3,1,2,3,0,0,2,2,0.0
154,0,786,32.25215146299484,7.3125,895,155,12,1.0,186,3,1,1,0,2,0,0,2,0,0.0
155,0,814,51.0,61.3792,1270,156,12,1.0,186,1,0,3,1,3,2,0,0,1,0.0
156,1,575,16.0,7.7333,444,157,9,2.0,186,3,1,1,0,2,4,0,1,0,1.0
157,0,896,30.0,8.05,270,158,12,1.0,186,3,3,1,0,2,0,0,2,0,0.0
158,0,345,32.25215146299484,8.6625,1113,159,12,1.0,186,3,3,1,0,2,0,0,2,0,0.0
159,0,778,5.482641509433963,69.55,1047,160,8,1.0,186,3,0,1,10,0,1,8,2,2,0.0
160,0,647,44.0,16.1,280,161,12,1.0,186,3,4,1,1,3,0,0,2,1,0.0
161,1,764,40.0,15.75,1236,162,13,2.0,186,2,3,2,0,2,0,0,2,0,1.0
162,0,445,26.0,7.775,114,163,12,1.0,186,3,1,1,0,2,0,0,2,0,0.0
163,0,357,17.0,8.6625,187,164,12,1.0,186,3,3,1,0,2,4,0,2,0,0.0
164,0,335,1.0,39.6875,919,165,8,1.0,186,3,0,1,5,1,1,4,2,1,0.0
165,0,583,9.0,20.525,450,166,8,1.0,186,3,4,1,2,3,1,0,2,2,1.0
166,1,38,36.99411764705882,55.0,230,167,13,2.0,155,1,0,3,1,3,0,0,2,1,1.0
167,1,464,45.0,27.9,1106,168,13,2.0,186,3,5,1,5,1,0,1,2,4,0.0
168,0,790,32.25215146299484,25.925,97,169,12,1.0,186,1,5,3,0,2,0,0,2,0,0.0
169,0,104,28.0,56.4958,716,170,12,1.0,186,3,0,1,0,2,0,0,2,0,0.0
170,0,8,61.0,33.5,1209,171,12,1.0,25,1,0,3,0,2,3,0,2,0,0.0
171,0,659,4.0,29.125,993,172,8,1.0,186,3,5,1,5,1,1,4,1,1,0.0
172,1,477,1.0,11.1333,601,173,9,2.0,186,3,3,1,2,3,1,1,2,1,1.0
173,0,902,21.0,7.925,1098,174,12,1.0,186,3,1,1,0,2,4,0,2,0,0.0
174,0,115,56.0,30.6958,1115,175,12,1.0,18,1,5,3,0,2,2,0,0,0,0.0
175,0,564,18.0,7.8542,659,176,12,1.0,186,3,1,1,2,3,4,1,2,1,0.0
176,0,671,5.482641509433963,25.4667,687,177,8,1.0,186,3,5,1,4,1,1,3,2,1,0.0
177,1,812,50.0,28.7125,576,178,9,2.0,89,1,5,3,0,2,2,0,0,0,0.0
178,0,225,30.0,13.0,484,179,12,1.0,186,2,3,2,0,2,0,0,2,0,0.0
179,0,787,36.0,0.0,699,180,12,1.0,186,3,2,1,0,2,0,0,2,0,0.0
180,1,778,21.774238095238097,69.55,1050,181,9,2.0,186,3,0,1,10,0,4,8,2,2,0.0
181,0,858,32.25215146299484,15.05,949,182,12,1.0,186,2,3,2,0,2,0,0,0,0,0.0
182,0,454,9.0,31.3875,58,183,8,1.0,186,3,5,1,6,2,1,4,2,2,0.0
183,0,146,1.0,39.0,106,184,8,1.0,183,2,0,2,3,3,1,2,2,1,1.0
184,1,365,4.0,22.025,653,185,9,2.0,186,3,4,1,2,3,1,0,2,2,1.0
185,0,44,32.25215146299484,50.0,1018,186,12,1.0,13,1,0,3,0,2,0,0,2,0,0.0
186,1,633,36.99411764705882,15.5,879,187,13,2.0,186,3,3,1,1,3,0,1,1,0,1.0
187,0,14,45.0,26.55,1016,188,12,1.0,186,1,5,3,0,2,0,0,2,0,1.0
188,0,596,40.0,15.5,142,189,12,1.0,186,3,3,1,2,3,0,1,1,1,0.0
189,0,530,36.0,7.8958,1200,190,12,1.0,186,3,1,1,0,2,0,0,2,0,0.0
190,1,156,32.0,13.0,968,191,13,2.0,186,2,3,2,0,2,0,0,2,0,1.0
191,0,310,19.0,13.0,197,192,12,1.0,186,2,3,2,0,2,4,0,2,0,0.0
192,1,555,19.0,7.8542,29,193,9,2.0,186,3,1,1,1,3,4,1,2,0,1.0
193,0,145,3.0,26.0,851,194,8,1.0,180,2,5,2,2,3,1,1,2,1,1.0
194,1,826,44.0,27.7208,162,195,13,2.0,38,1,5,3,0,2,0,0,0,0,1.0
195,1,802,58.0,146.5208,732,196,9,2.0,56,1,0,3,0,2,2,0,0,0,1.0
196,0,624,32.25215146299484,7.75,791,197,12,1.0,186,3,1,1,0,2,0,0,1,0,0.0
197,0,677,42.0,8.4042,894,198,12,1.0,186,3,3,1,1,3,0,0,2,1,0.0
198,1,636,21.774238095238097,7.75,736,199,9,2.0,186,3,1,1,0,2,4,0,1,0,1.0
199,1,215,24.0,13.0,1290,200,9,2.0,186,2,3,2,0,2,4,0,2,0,0.0
200,0,423,28.0,9.5,1211,201,12,1.0,186,3,3,1,0,2,0,0,2,0,0.0
201,0,778,32.25215146299484,69.55,1054,202,12,1.0,186,3,0,1,10,0,0,8,2,2,0.0
202,0,327,34.0,6.4958,594,203,12,1.0,186,3,1,1,0,2,0,0,2,0,0.0
203,0,236,45.5,7.225,1287,204,12,1.0,186,3,1,1,0,2,2,0,0,0,0.0
204,0,728,18.0,8.05,245,205,12,1.0,186,3,3,1,0,2,4,0,2,0,1.0
205,1,436,2.0,10.4625,1153,206,9,2.0,184,3,3,1,1,3,1,0,2,1,0.0
206,0,333,32.0,15.85,76,207,12,1.0,186,3,3,1,1,3,0,1,2,0,0.0
207,0,294,26.0,18.7875,15,208,12,1.0,186,3,4,1,0,2,0,0,0,0,1.0
208,1,613,16.0,7.75,203,209,9,2.0,186,3,1,1,0,2,4,0,1,0,1.0
209,0,21,40.0,31.0,131,210,12,1.0,12,1,5,3,0,2,0,0,0,0,1.0
210,0,880,24.0,7.05,19,211,12,1.0,186,3,1,1,0,2,4,0,2,0,0.0
211,1,781,35.0,21.0,189,212,9,2.0,186,2,4,2,0,2,0,0,2,0,1.0
212,0,723,22.0,7.25,948,213,12,1.0,186,3,1,1,0,2,4,0,2,0,0.0
213,0,218,30.0,13.0,445,214,12,1.0,186,2,3,2,0,2,0,0,2,0,0.0
214,0,611,32.25215146299484,7.75,647,215,12,1.0,186,3,1,1,1,3,0,1,1,0,0.0
215,1,573,31.0,113.275,855,216,9,2.0,132,1,0,3,1,3,0,1,0,0,1.0
216,1,915,27.0,7.925,557,217,9,2.0,186,3,1,1,0,2,0,0,2,0,1.0
217,0,189,42.0,27.0,579,218,12,1.0,186,2,5,2,1,3,0,1,2,0,0.0
218,1,81,32.0,76.2917,100,219,9,2.0,120,1,0,3,0,2,0,0,0,0,1.0
219,0,927,30.0,10.5,505,220,12,1.0,186,2,3,2,0,2,0,0,2,0,0.0
220,0,895,16.0,8.05,1155,221,12,1.0,186,3,3,1,0,2,4,0,2,0,1.0
221,0,136,27.0,13.0,148,222,12,1.0,186,2,3,2,0,2,0,0,2,0,0.0
222,0,133,51.0,8.05,467,223,12,1.0,186,3,3,1,0,2,2,0,2,0,0.0
223,0,517,32.25215146299484,7.8958,853,224,12,1.0,186,3,1,1,0,2,0,0,2,0,0.0
224,0,121,38.0,90.0,564,225,12,1.0,113,1,0,3,1,3,0,1,2,0,1.0
225,0,838,22.0,9.35,116,226,12,1.0,186,3,3,1,0,2,4,0,2,0,0.0
226,0,918,19.0,10.5,789,227,12,1.0,186,2,3,2,0,2,4,0,2,0,1.0
227,0,722,20.5,7.25,727,228,12,1.0,186,3,1,1,0,2,4,0,2,0,0.0
228,0,160,18.0,13.0,377,229,12,1.0,186,2,3,2,0,2,4,0,2,0,0.0
229,1,671,21.774238095238097,25.4667,690,230,9,2.0,186,3,5,1,4,1,4,3,2,1,0.0
230,1,630,35.0,83.475,506,231,13,2.0,105,1,0,3,1,3,0,1,2,0,1.0
231,0,444,29.0,7.775,682,232,12,1.0,186,3,1,1,0,2,0,0,2,0,0.0
232,0,167,59.0,13.5,1100,233,12,1.0,186,2,3,2,0,2,2,0,2,0,0.0
233,1,454,5.0,31.3875,61,234,9,2.0,186,3,5,1,6,2,1,4,2,2,1.0
234,0,756,24.0,10.5,704,235,12,1.0,186,2,3,2,0,2,4,0,2,0,0.0
235,1,925,21.774238095238097,7.55,496,236,9,2.0,186,3,1,1,0,2,4,0,2,0,0.0
236,0,265,44.0,26.0,550,237,12,1.0,186,2,5,2,1,3,0,1,2,0,0.0
237,1,761,8.0,26.25,253,238,9,2.0,186,2,5,2,2,3,1,0,2,2,1.0
238,0,314,19.0,10.5,947,239,12,1.0,186,2,3,2,0,2,4,0,2,0,0.0
239,0,870,33.0,12.275,568,240,12,1.0,186,2,3,2,0,2,0,0,2,0,0.0
240,1,259,21.774238095238097,14.4542,1292,241,9,2.0,186,3,3,1,1,3,4,1,0,0,0.0
241,1,612,21.774238095238097,15.5,833,242,9,2.0,186,3,3,1,1,3,4,1,1,0,1.0
242,0,921,29.0,10.5,249,243,12,1.0,186,2,3,2,0,2,0,0,2,0,0.0
243,0,901,22.0,7.125,739,244,12,1.0,186,3,1,1,0,2,4,0,2,0,0.0
244,0,289,30.0,7.225,71,245,12,1.0,186,3,1,1,0,2,0,0,0,0,0.0
245,0,120,44.0,90.0,799,246,4,1.3489623366641046,102,1,0,3,2,3,0,2,1,0,0.0
246,1,448,25.0,7.775,706,247,9,2.0,186,3,1,1,0,2,0,0,2,0,0.0
247,1,221,24.0,14.5,486,248,13,2.0,186,2,3,2,2,3,4,0,2,2,1.0
248,0,70,37.0,52.5542,110,249,12,1.0,131,1,0,3,2,3,0,1,2,1,1.0
249,0,191,54.0,26.0,212,250,15,0.0,186,2,5,2,1,3,2,1,2,0,0.0
250,0,581,32.25215146299484,7.25,983,251,12,1.0,186,3,1,1,0,2,0,0,2,0,0.0
251,1,436,29.0,10.4625,1154,252,13,2.0,184,3,3,1,2,3,0,1,2,1,0.0
252,0,41,62.0,26.55,1139,253,12,1.0,108,1,5,3,0,2,3,0,2,0,0.0
253,0,734,30.0,16.1,719,254,12,1.0,186,3,4,1,1,3,0,1,2,0,0.0
254,1,632,41.0,20.2125,1021,255,13,2.0,186,3,4,1,2,3,0,0,2,2,0.0
255,1,244,29.0,15.2458,1195,256,13,2.0,186,3,3,1,2,3,0,0,0,2,1.0
256,1,806,36.99411764705882,79.2,1181,257,13,2.0,186,1,0,3,0,2,0,0,0,0,1.0
257,1,0,30.0,86.5,228,258,9,2.0,53,1,0,3,0,2,0,0,2,0,1.0
258,1,831,35.0,512.3292,1226,259,9,2.0,186,1,0,3,0,2,0,0,0,0,1.0
259,1,147,50.0,26.0,928,260,13,2.0,186,2,5,2,1,3,2,0,2,1,1.0
260,0,664,32.25215146299484,7.75,1118,261,12,1.0,186,3,1,1,0,2,0,0,1,0,0.0
261,0,454,3.0,31.3875,59,262,8,1.0,186,3,5,1,6,2,1,4,2,2,1.0
262,0,1,52.0,79.65,1166,263,12,1.0,170,1,0,3,2,3,2,1,2,1,0.0
263,0,20,40.0,0.0,507,264,12,1.0,59,1,2,3,0,2,0,0,2,0,0.0
264,1,656,21.774238095238097,7.75,528,265,9,2.0,186,3,1,1,0,2,4,0,1,0,0.0
265,0,748,36.0,10.5,984,266,12,1.0,186,2,3,2,0,2,0,0,2,0,0.0
266,0,335,16.0,39.6875,922,267,12,1.0,186,3,0,1,5,1,4,4,2,1,0.0
267,0,460,25.0,7.775,951,268,12,1.0,186,3,1,1,1,3,0,1,2,0,1.0
268,1,805,58.0,153.4625,466,269,13,2.0,72,1,0,3,1,3,2,0,2,1,1.0
269,1,836,35.0,135.6333,127,270,9,2.0,116,1,0,3,0,2,0,0,2,0,1.0
270,0,62,32.25215146299484,31.0,182,271,12,1.0,186,1,5,3,0,2,0,0,2,0,0.0
271,0,787,25.0,0.0,1191,272,12,1.0,186,3,2,1,0,2,0,0,2,0,1.0
272,1,217,41.0,19.5,788,273,13,2.0,186,2,4,2,1,3,0,0,2,1,1.0
273,0,813,37.0,29.7,848,274,12,1.0,69,1,5,3,1,3,0,0,0,1,0.0
274,1,641,21.774238095238097,7.75,519,275,9,2.0,186,3,1,1,0,2,4,0,1,0,1.0
275,1,92,63.0,77.9583,45,276,9,2.0,145,1,0,3,1,3,3,1,2,0,1.0
276,1,450,45.0,7.75,707,277,9,2.0,186,3,1,1,0,2,0,0,2,0,0.0
277,0,178,32.25215146299484,0.0,926,278,12,1.0,186,2,2,2,0,2,0,0,2,0,0.0
278,0,659,7.0,29.125,994,279,8,1.0,186,3,5,1,5,1,1,4,1,1,0.0
279,1,753,35.0,20.25,3,280,13,2.0,186,3,4,1,2,3,0,1,2,1,1.0
280,0,399,65.0,7.75,351,281,12,1.0,186,3,1,1,0,2,3,0,1,0,0.0
281,0,469,28.0,7.8542,897,282,12,1.0,186,3,1,1,0,2,0,0,2,0,0.0
282,0,429,16.0,9.5,1300,283,12,1.0,186,3,3,1,0,2,4,0,2,0,0.0
283,0,731,19.0,8.05,339,284,12,1.0,186,3,3,1,0,2,4,0,2,0,1.0
284,0,34,32.25215146299484,26.0,1117,285,12,1.0,5,1,5,3,0,2,0,0,2,0,0.0
285,0,522,33.0,8.6625,1135,286,12,1.0,186,3,3,1,0,2,0,0,0,0,0.0
286,0,426,30.0,9.5,1299,287,12,1.0,186,3,3,1,0,2,0,0,2,0,1.0
287,0,489,22.0,7.8958,838,288,12,1.0,186,3,1,1,0,2,4,0,2,0,0.0
288,0,176,42.0,13.0,560,289,12,1.0,186,2,3,2,0,2,0,0,2,0,1.0
289,1,639,22.0,7.75,261,290,9,2.0,186,3,1,1,0,2,4,0,1,0,1.0
290,1,118,26.0,78.85,92,291,9,2.0,186,1,0,3,0,2,0,0,2,0,1.0
291,1,82,19.0,91.0792,126,292,13,2.0,42,1,0,3,1,3,4,1,0,0,1.0
292,0,869,36.0,12.875,702,293,12,1.0,117,2,3,2,0,2,0,0,0,0,0.0
293,1,519,24.0,8.85,478,294,9,2.0,186,3,3,1,0,2,4,0,2,0,0.0
294,0,516,24.0,7.8958,802,295,12,1.0,186,3,1,1,0,2,4,0,2,0,0.0
295,0,828,32.25215146299484,27.7208,703,296,12,1.0,186,1,5,3,0,2,0,0,0,0,0.0
296,0,288,23.5,7.2292,488,297,12,1.0,186,3,1,1,0,2,4,0,0,0,0.0
297,1,49,2.0,151.55,24,298,9,2.0,79,1,0,3,3,3,1,1,2,2,0.0
298,0,126,32.25215146299484,30.5,1043,299,12,1.0,65,1,5,3,0,2,0,0,2,0,1.0
299,1,800,50.0,247.5208,99,300,13,2.0,48,1,0,3,1,3,2,0,0,1,1.0
300,1,704,21.774238095238097,7.75,636,301,9,2.0,186,3,1,1,0,2,4,0,1,0,1.0
301,0,608,32.25215146299484,23.25,771,302,12,1.0,186,3,4,1,2,3,0,2,1,0,1.0
302,0,787,19.0,0.0,604,303,12,1.0,186,3,2,1,0,2,4,0,2,0,0.0
303,1,141,21.774238095238097,12.35,631,304,9,2.0,148,2,3,2,0,2,4,0,1,0,1.0
304,0,725,32.25215146299484,8.05,1272,305,12,1.0,186,3,3,1,0,2,0,0,2,0,0.0
305,0,49,0.92,151.55,23,306,8,1.0,79,1,0,3,3,3,1,1,2,2,1.0
306,1,107,21.774238095238097,110.8833,387,307,9,2.0,186,1,0,3,0,2,4,0,0,0,1.0
307,1,834,17.0,108.9,946,308,13,2.0,98,1,0,3,1,3,4,1,0,0,1.0
308,0,789,30.0,24.0,6,309,12,1.0,186,2,4,2,1,3,0,1,0,0,0.0
309,1,798,30.0,56.9292,409,310,9,2.0,157,1,0,3,0,2,0,0,0,0,1.0
310,1,75,24.0,83.1583,515,311,9,2.0,94,1,0,3,0,2,4,0,0,0,1.0
311,1,824,18.0,262.375,1036,312,9,2.0,47,1,0,3,4,1,4,2,0,2,1.0
312,1,223,26.0,26.0,667,313,13,2.0,186,2,5,2,2,3,0,1,2,1,0.0
313,0,526,28.0,7.8958,526,314,12,1.0,186,3,1,1,0,2,0,0,2,0,0.0
314,0,782,43.0,26.25,509,315,12,1.0,186,2,5,2,2,3,0,1,2,1,0.0
315,1,475,26.0,7.8542,866,316,9,2.0,186,3,1,1,0,2,0,0,2,0,1.0
316,1,199,24.0,26.0,621,317,13,2.0,186,2,5,2,1,3,4,1,2,0,1.0
317,0,316,54.0,14.0,819,318,4,1.3489623366641046,186,2,3,2,0,2,2,0,2,0,0.0
318,1,626,31.0,164.8667,1256,319,9,2.0,100,1,0,3,2,3,0,0,2,2,1.0
319,1,105,40.0,134.5,1129,320,13,2.0,156,1,0,3,2,3,0,1,0,1,1.0
320,0,721,22.0,7.25,323,321,12,1.0,186,3,1,1,0,2,4,0,2,0,0.0
321,0,502,27.0,7.8958,300,322,12,1.0,186,3,1,1,0,2,0,0,2,0,0.0
322,1,158,30.0,12.35,1108,323,9,2.0,186,2,3,2,0,2,0,0,1,0,1.0
323,1,211,22.0,29.0,186,324,13,2.0,186,2,5,2,2,3,4,1,2,1,1.0
324,0,778,32.25215146299484,69.55,1055,325,12,1.0,186,3,0,1,10,0,0,8,2,2,0.0
325,1,836,36.0,135.6333,1286,326,9,2.0,84,1,0,3,0,2,0,0,0,0,1.0
326,0,413,61.0,6.2375,876,327,12,1.0,186,3,1,1,0,2,3,0,2,0,0.0
327,1,312,36.0,13.0,87,328,13,2.0,117,2,3,2,0,2,0,0,2,0,1.0
328,1,583,31.0,20.525,453,329,13,2.0,186,3,4,1,2,3,0,1,2,1,1.0
329,1,10,16.0,57.9792,540,330,9,2.0,24,1,0,3,1,3,4,0,0,1,1.0
330,1,608,21.774238095238097,23.25,769,331,9,2.0,186,3,4,1,2,3,4,2,1,0,1.0
331,0,28,45.5,28.5,929,332,12,1.0,71,1,5,3,0,2,2,0,2,0,0.0
332,0,805,38.0,153.4625,465,333,12,1.0,111,1,0,3,1,3,0,0,2,1,0.0
333,0,418,16.0,18.0,1216,334,12,1.0,186,3,4,1,2,3,4,2,2,0,0.0
334,1,827,36.99411764705882,133.65,414,335,13,2.0,186,1,0,3,1,3,0,1,2,0,1.0
335,0,508,32.25215146299484,7.8958,322,336,12,1.0,186,3,1,1,0,2,0,0,2,0,0.0
336,0,46,29.0,66.6,939,337,12,1.0,78,1,0,3,1,3,0,1,2,0,0.0
337,1,105,41.0,134.5,171,338,9,2.0,160,1,0,3,0,2,0,0,0,0,1.0
338,0,699,45.0,8.05,289,339,12,1.0,186,3,3,1,0,2,0,0,2,0,1.0
339,0,51,45.0,35.5,130,340,12,1.0,185,1,0,3,0,2,0,0,2,0,0.0
340,0,145,2.0,26.0,850,341,8,1.0,180,2,5,2,2,3,1,1,2,1,1.0
341,1,123,24.0,263.0,401,342,9,2.0,80,1,0,3,5,1,4,3,2,2,1.0
342,0,212,28.0,13.0,250,343,12,1.0,186,2,3,2,0,2,0,0,2,0,0.0
343,0,198,25.0,13.0,1076,344,12,1.0,186,2,3,2,0,2,0,0,2,0,0.0
344,0,144,36.0,13.0,408,345,12,1.0,186,2,3,2,0,2,0,0,2,0,0.0
345,1,209,24.0,13.0,159,346,9,2.0,181,2,3,2,0,2,4,0,2,0,1.0
346,1,344,40.0,13.0,1114,347,9,2.0,186,2,3,2,0,2,0,0,2,0,1.0
347,1,665,36.99411764705882,16.1,313,348,13,2.0,186,3,4,1,1,3,0,1,2,0,1.0
348,0,769,3.0,15.9,274,349,8,1.0,186,3,3,1,2,3,1,1,2,1,1.0
349,0,352,42.0,8.6625,330,350,12,1.0,186,3,3,1,0,2,0,0,2,0,0.0
350,0,690,23.0,9.225,889,351,12,1.0,186,3,3,1,0,2,4,0,2,0,0.0
351,0,40,32.25215146299484,35.0,1275,352,12,1.0,74,1,0,3,0,2,0,0,2,0,0.0
352,0,290,15.0,7.2292,368,353,12,1.0,186,3,1,1,2,3,4,1,0,1,0.0
353,0,520,25.0,17.8,51,354,12,1.0,186,3,4,1,1,3,0,1,2,0,0.0
354,0,241,32.25215146299484,7.225,1288,355,12,1.0,186,3,1,1,0,2,0,0,0,0,0.0
355,0,433,28.0,9.5,1212,356,12,1.0,186,3,3,1,0,2,0,0,2,0,0.0
356,1,38,22.0,55.0,147,357,9,2.0,155,1,0,3,1,3,4,0,2,1,1.0
357,1,171,38.0,13.0,420,358,9,2.0,186,2,3,2,0,2,0,0,2,0,0.0
358,1,381,21.774238095238097,7.8792,777,359,9,2.0,186,3,1,1,0,2,4,0,1,0,1.0
359,1,391,21.774238095238097,7.8792,808,360,9,2.0,186,3,1,1,0,2,4,0,1,0,1.0
360,0,464,40.0,27.9,1105,361,12,1.0,186,3,5,1,5,1,0,1,2,4,0.0
361,0,866,29.0,27.7208,1301,362,12,1.0,186,2,5,2,1,3,0,1,0,0,0.0
362,1,286,45.0,14.4542,91,363,13,2.0,186,3,3,1,1,3,0,0,0,1,0.0
363,0,879,35.0,7.05,56,364,12,1.0,186,3,1,1,0,2,0,0,2,0,0.0
364,0,633,32.25215146299484,15.5,877,365,12,1.0,186,3,3,1,1,3,0,1,1,0,0.0
365,0,745,30.0,7.25,10,366,12,1.0,186,3,1,1,0,2,0,0,2,0,0.0
366,1,6,60.0,75.25,1233,367,13,2.0,133,1,0,3,1,3,2,1,0,0,1.0
367,1,234,36.99411764705882,7.2292,827,368,13,2.0,186,3,1,1,0,2,0,0,0,0,1.0
368,1,102,21.774238095238097,7.75,591,369,9,2.0,186,3,1,1,0,2,4,0,1,0,1.0
369,1,795,24.0,69.3,72,370,11,2.0,33,1,0,3,0,2,4,0,0,0,1.0
370,0,74,25.0,55.4417,494,371,12,1.0,165,1,0,3,1,3,0,1,0,0,1.0
371,0,330,18.0,6.4958,1263,372,12,1.0,186,3,1,1,1,3,4,1,2,0,0.0
372,0,369,19.0,8.05,105,373,12,1.0,186,3,3,1,0,2,4,0,2,0,0.0
373,0,836,22.0,135.6333,1004,374,12,1.0,186,1,0,3,0,2,4,0,0,0,0.0
374,1,541,3.0,21.075,916,375,9,2.0,186,3,4,1,4,1,1,3,2,1,0.0
375,1,820,36.99411764705882,82.1708,794,376,13,2.0,186,1,0,3,1,3,0,1,0,0,1.0
376,1,746,22.0,7.25,674,377,9,2.0,186,3,1,1,0,2,4,0,2,0,1.0
377,0,37,27.0,211.5,1261,378,12,1.0,104,1,0,3,2,3,0,0,0,2,0.0
378,0,242,20.0,4.0125,119,379,12,1.0,186,3,1,1,0,2,4,0,0,0,0.0
379,0,446,19.0,7.775,477,380,12,1.0,186,3,1,1,0,2,4,0,2,0,0.0
380,1,833,42.0,227.525,120,381,9,2.0,186,1,0,3,0,2,0,0,0,0,1.0
381,1,247,1.0,15.7417,840,382,9,2.0,186,3,3,1,2,3,1,0,0,2,1.0
382,0,909,32.0,7.925,1184,383,12,1.0,186,3,1,1,0,2,0,0,2,0,0.0
383,1,55,35.0,52.0,555,384,13,2.0,186,1,0,3,1,3,0,1,2,0,1.0
384,0,510,32.25215146299484,7.8958,969,385,12,1.0,186,3,1,1,0,2,0,0,2,0,0.0
385,0,847,18.0,73.5,306,386,12,1.0,186,2,0,2,0,2,4,0,2,0,0.0
386,0,775,1.0,46.9,456,387,8,1.0,186,3,0,1,7,0,1,5,2,2,0.0
387,1,298,36.0,13.0,173,388,9,2.0,186,2,3,2,0,2,0,0,2,0,1.0
388,0,615,32.25215146299484,7.7292,1044,389,12,1.0,186,3,1,1,0,2,0,0,1,0,0.0
389,1,852,17.0,12.0,692,390,9,2.0,186,2,3,2,0,2,4,0,0,0,1.0
390,0,43,36.0,120.0,209,391,12,1.0,60,1,0,3,3,3,0,1,2,2,1.0
391,0,549,21.0,7.7958,582,392,12,1.0,186,3,1,1,0,2,4,0,2,0,1.0
392,0,332,28.0,7.925,476,393,12,1.0,186,3,1,1,2,3,0,2,2,0,0.0
393,1,573,23.0,113.275,856,394,9,2.0,132,1,0,3,1,3,4,1,0,0,1.0
394,1,839,24.0,16.7,1068,395,13,2.0,184,3,4,1,2,3,4,0,2,2,1.0
395,0,559,22.0,7.7958,596,396,12,1.0,186,3,1,1,0,2,4,0,2,0,0.0
396,1,567,31.0,7.8542,896,397,9,2.0,186,3,1,1,0,2,0,0,2,0,0.0
397,0,308,46.0,26.0,780,398,12,1.0,186,2,5,2,0,2,2,0,2,0,0.0
398,0,193,23.0,10.5,912,399,4,1.3489623366641046,186,2,3,2,0,2,4,0,2,0,0.0
399,1,186,28.0,12.65,1197,400,13,2.0,186,2,3,2,0,2,0,0,2,0,1.0
400,0,906,39.0,7.925,869,401,12,1.0,186,3,1,1,0,2,0,0,2,0,1.0
401,0,402,26.0,8.05,11,402,12,1.0,186,3,3,1,0,2,0,0,2,0,0.0
402,1,675,21.0,9.825,616,403,9,2.0,186,3,3,1,1,3,4,1,2,0,0.0
403,0,913,28.0,15.85,482,404,12,1.0,186,3,3,1,1,3,0,1,2,0,0.0
404,1,360,20.0,8.6625,902,405,9,2.0,186,3,3,1,0,2,4,0,2,0,0.0
405,0,313,34.0,21.0,425,406,12,1.0,186,2,4,2,1,3,0,1,2,0,0.0
406,0,441,51.0,7.75,1259,407,12,1.0,186,3,1,1,0,2,2,0,2,0,0.0
407,0,321,3.0,18.75,1000,408,8,1.0,186,2,4,2,2,3,1,1,2,1,1.0
408,0,342,21.0,7.775,123,409,12,1.0,186,3,1,1,0,2,4,0,2,0,0.0
409,1,671,21.774238095238097,25.4667,688,410,9,2.0,186,3,5,1,4,1,4,3,2,1,0.0
410,0,505,32.25215146299484,7.8958,1075,411,12,1.0,186,3,1,1,0,2,0,0,2,0,0.0
411,0,670,32.25215146299484,6.8583,510,412,12,1.0,186,3,1,1,0,2,0,0,1,0,0.0
412,1,120,33.0,90.0,800,413,9,2.0,102,1,0,3,1,3,0,1,1,0,1.0
413,0,178,32.25215146299484,0.0,287,414,12,1.0,186,2,2,2,0,2,0,0,2,0,0.0
414,0,898,44.0,7.925,1156,415,12,1.0,186,3,1,1,0,2,0,0,2,0,1.0
415,1,408,36.99411764705882,8.05,786,416,13,2.0,186,3,3,1,0,2,0,0,2,0,0.0
416,1,305,34.0,32.5,350,417,13,2.0,186,2,0,2,2,3,0,1,2,1,1.0
417,1,224,18.0,13.0,1087,418,9,2.0,186,2,3,2,2,3,4,0,2,2,1.0
418,0,307,30.0,13.0,762,419,12,1.0,186,2,3,2,0,2,0,0,2,0,0.0
419,1,425,10.0,24.15,1206,420,9,2.0,186,3,5,1,2,3,1,0,2,2,0.0
420,0,537,32.25215146299484,7.8958,433,421,12,1.0,186,3,1,1,0,2,0,0,0,0,0.0
421,0,732,21.0,7.7333,226,422,12,1.0,186,3,1,1,0,2,4,0,1,0,0.0
422,0,346,29.0,7.875,1295,423,12,1.0,186,3,1,1,0,2,0,0,2,0,0.0
423,1,457,28.0,14.4,297,424,13,2.0,186,3,3,1,2,3,0,1,2,1,0.0
424,0,632,18.0,20.2125,1020,425,12,1.0,186,3,4,1,2,3,4,1,2,1,0.0
425,0,717,32.25215146299484,7.25,1279,426,12,1.0,186,3,1,1,0,2,0,0,2,0,0.0
426,1,128,28.0,26.0,241,427,13,2.0,186,2,5,2,1,3,0,1,2,0,1.0
427,1,226,19.0,26.0,965,428,9,2.0,186,2,5,2,0,2,4,0,2,0,1.0
428,0,598,32.25215146299484,7.75,388,429,12,1.0,186,3,1,1,0,2,0,0,1,0,0.0
429,0,884,32.0,8.05,967,430,12,1.0,147,3,3,1,0,2,0,0,2,0,1.0
430,0,5,28.0,26.55,129,431,12,1.0,92,1,5,3,0,2,0,0,2,0,1.0
431,1,654,36.99411764705882,16.1,1183,432,13,2.0,186,3,4,1,1,3,0,1,2,0,1.0
432,1,856,42.0,26.0,726,433,13,2.0,186,2,5,2,1,3,0,1,2,0,1.0
433,0,900,17.0,7.125,618,434,12,1.0,186,3,1,1,0,2,4,0,2,0,0.0
434,0,93,50.0,55.9,1089,435,12,1.0,161,1,0,3,1,3,2,1,2,0,0.0
435,1,43,14.0,120.0,208,436,9,2.0,60,1,0,3,3,3,4,1,2,2,1.0
436,1,924,21.0,34.375,394,437,9,2.0,186,3,0,1,4,1,4,2,2,2,0.0
437,1,321,24.0,18.75,1001,438,13,2.0,186,2,4,2,5,1,4,2,2,3,1.0
438,0,123,64.0,263.0,405,439,12,1.0,80,1,0,3,5,1,3,1,2,4,0.0
439,0,749,31.0,10.5,665,440,12,1.0,186,2,3,2,0,2,0,0,2,0,0.0
440,1,782,45.0,26.25,511,441,13,2.0,186,2,5,2,2,3,0,1,2,1,1.0
441,0,422,20.0,9.5,487,442,12,1.0,186,3,3,1,0,2,4,0,2,0,0.0
442,0,453,25.0,7.775,961,443,12,1.0,186,3,1,1,1,3,0,1,2,0,0.0
443,1,148,28.0,13.0,989,444,14,2.0,186,2,3,2,0,2,0,0,2,0,1.0
444,0,683,32.25215146299484,8.1125,593,445,12,1.0,186,3,3,1,0,2,0,0,2,0,1.0
445,0,398,4.0,81.8583,333,446,8,1.0,14,1,0,3,2,3,1,0,2,2,1.0
446,1,217,13.0,19.5,787,447,9,2.0,186,2,4,2,1,3,4,0,2,1,1.0
447,0,59,34.0,26.55,1078,448,12,1.0,186,1,5,3,0,2,0,0,2,0,1.0
448,1,260,5.0,19.2583,80,449,9,2.0,186,3,4,1,3,3,1,2,0,1,1.0
449,0,52,52.0,30.5,963,450,7,1.0,63,1,5,3,0,2,2,0,2,0,1.0
450,0,768,36.0,27.75,1248,451,12,1.0,186,2,5,2,3,3,0,1,2,2,0.0
451,0,680,32.25215146299484,19.9667,480,452,12,1.0,186,3,4,1,1,3,0,1,2,0,0.0
452,0,31,30.0,27.75,400,453,12,1.0,67,1,5,3,0,2,0,0,0,0,0.0
453,0,108,49.0,89.1042,447,454,12,1.0,112,1,0,3,1,3,2,1,0,0,1.0
454,0,726,32.25215146299484,8.05,942,455,12,1.0,186,3,3,1,0,2,0,0,2,0,0.0
455,0,523,29.0,7.8958,581,456,12,1.0,186,3,1,1,0,2,0,0,0,0,1.0
456,0,95,65.0,26.55,797,457,12,1.0,158,1,5,3,0,2,3,0,2,0,0.0
457,1,110,36.99411764705882,51.8625,643,458,13,2.0,124,1,0,3,1,3,0,1,2,0,1.0
458,1,783,50.0,10.5,1188,459,9,2.0,186,2,3,2,0,2,2,0,2,0,1.0
459,0,644,32.25215146299484,7.75,881,460,12,1.0,186,3,1,1,0,2,0,0,1,0,0.0
460,0,124,48.0,26.55,30,461,12,1.0,149,1,5,3,0,2,2,0,2,0,1.0
461,0,590,34.0,8.05,821,462,12,1.0,186,3,3,1,0,2,0,0,2,0,0.0
462,0,9,47.0,38.5,431,463,12,1.0,169,1,0,3,0,2,2,0,2,0,0.0
463,0,155,48.0,13.0,798,464,12,1.0,186,2,3,2,0,2,2,0,2,0,0.0
464,0,737,32.25215146299484,8.05,744,465,12,1.0,186,3,3,1,0,2,0,0,2,0,0.0
465,0,875,38.0,7.05,454,466,12,1.0,186,3,1,1,0,2,0,0,2,0,0.0
466,0,178,32.25215146299484,0.0,190,467,12,1.0,186,2,2,2,0,2,0,0,2,0,0.0
467,0,58,56.0,26.55,1112,468,12,1.0,186,1,5,3,0,2,2,0,2,0,0.0
468,0,580,32.25215146299484,7.725,1072,469,12,1.0,186,3,1,1,0,2,0,0,1,0,0.0
469,1,260,0.75,19.2583,79,470,9,2.0,186,3,4,1,3,3,1,2,0,1,1.0
470,0,368,32.25215146299484,7.25,634,471,12,1.0,186,3,1,1,0,2,0,0,2,0,0.0
471,0,353,38.0,8.6625,181,472,12,1.0,186,3,3,1,0,2,0,0,2,0,0.0
472,1,768,33.0,27.75,1249,473,13,2.0,186,2,5,2,3,3,0,1,2,2,1.0
473,1,857,23.0,13.7917,592,474,13,2.0,117,2,3,2,0,2,4,0,0,0,1.0
474,1,698,22.0,9.8375,1148,475,9,2.0,186,3,3,1,0,2,4,0,2,0,0.0
475,0,2,32.25215146299484,52.0,243,476,12,1.0,2,1,0,3,0,2,0,0,2,0,0.0
476,0,339,34.0,21.0,986,477,12,1.0,186,2,4,2,1,3,0,1,2,0,0.0
477,0,434,29.0,7.0458,154,478,12,1.0,186,3,1,1,1,3,0,1,2,0,0.0
478,0,562,22.0,7.5208,625,479,12,1.0,186,3,1,1,0,2,4,0,2,0,0.0
479,1,338,2.0,12.2875,542,480,9,2.0,186,3,3,1,1,3,1,0,2,1,1.0
480,0,775,9.0,46.9,455,481,8,1.0,186,3,0,1,7,0,1,5,2,2,0.0
481,0,179,32.25215146299484,0.0,418,482,12,1.0,186,2,2,2,0,2,0,0,2,0,0.0
482,0,729,50.0,8.05,1029,483,12,1.0,186,3,3,1,0,2,2,0,2,0,0.0
483,1,672,63.0,9.5875,1202,484,13,2.0,186,3,3,1,0,2,3,0,2,0,1.0
484,0,82,25.0,91.0792,125,485,12,1.0,42,1,0,3,1,3,0,1,0,0,1.0
485,1,671,21.774238095238097,25.4667,689,486,9,2.0,186,3,5,1,4,1,4,3,2,1,0.0
486,1,121,35.0,90.0,566,487,13,2.0,113,1,0,3,1,3,0,1,2,0,1.0
487,0,78,58.0,29.7,641,488,12,1.0,35,1,5,3,0,2,2,0,0,0,0.0
488,0,710,30.0,8.05,1125,489,12,1.0,186,3,3,1,0,2,0,0,2,0,0.0
489,0,769,9.0,15.9,273,490,8,1.0,186,3,3,1,2,3,1,1,2,1,1.0
490,0,681,32.25215146299484,19.9667,481,491,12,1.0,186,3,4,1,1,3,0,1,2,0,0.0
491,0,890,21.0,7.25,1277,492,12,1.0,186,3,1,1,0,2,4,0,2,0,0.0
492,0,53,55.0,30.5,810,493,12,1.0,82,1,5,3,0,2,2,0,2,0,0.0
493,0,825,71.0,49.5042,54,494,12,1.0,186,1,0,3,0,2,3,0,0,0,0.0
494,0,713,21.0,8.05,1137,495,12,1.0,186,3,3,1,0,2,4,0,2,0,0.0
495,0,235,32.25215146299484,14.4583,1289,496,12,1.0,186,3,3,1,0,2,0,0,0,0,0.0
496,1,627,54.0,78.2667,374,497,9,2.0,123,1,0,3,1,3,2,1,0,0,1.0
497,0,773,32.25215146299484,15.1,1082,498,12,1.0,186,3,3,1,0,2,0,0,2,0,0.0
498,1,49,25.0,151.55,26,499,13,2.0,79,1,0,3,3,3,0,1,2,2,0.0
499,0,550,24.0,7.7958,1161,500,12,1.0,186,3,1,1,0,2,4,0,2,0,0.0
500,0,350,17.0,8.6625,188,501,12,1.0,186,3,3,1,0,2,4,0,2,0,0.0
501,1,594,21.0,7.75,191,502,9,2.0,186,3,1,1,0,2,4,0,1,0,0.0
502,1,374,21.774238095238097,7.6292,888,503,9,2.0,186,3,1,1,0,2,4,0,1,0,0.0
503,1,673,37.0,9.5875,669,504,9,2.0,186,3,3,1,0,2,0,0,2,0,0.0
504,1,0,16.0,86.5,743,505,9,2.0,55,1,0,3,0,2,4,0,2,0,1.0
505,0,834,18.0,108.9,945,506,12,1.0,98,1,0,3,1,3,4,1,0,0,0.0
506,1,239,33.0,26.0,979,507,13,2.0,186,2,5,2,2,3,0,0,2,2,1.0
507,0,13,32.25215146299484,26.55,150,508,12,1.0,186,1,5,3,0,2,0,0,2,0,1.0
508,0,743,28.0,22.525,893,509,12,1.0,186,3,4,1,0,2,0,0,2,0,0.0
509,0,104,26.0,56.4958,676,510,12,1.0,186,3,0,1,0,2,0,0,2,0,1.0
510,0,658,29.0,7.75,293,511,12,1.0,186,3,1,1,0,2,0,0,1,0,1.0
511,0,889,32.25215146299484,8.05,1238,512,12,1.0,186,3,3,1,0,2,0,0,2,0,0.0
512,0,791,36.0,26.2875,776,513,12,1.0,153,1,5,3,0,2,0,0,2,0,1.0
513,1,819,54.0,59.4,1028,514,13,2.0,186,1,0,3,1,3,2,1,0,0,1.0
514,0,492,24.0,7.4958,248,515,12,1.0,186,3,1,1,0,2,4,0,2,0,0.0
515,0,629,47.0,34.0208,1225,516,12,1.0,138,1,0,3,0,2,2,0,2,0,0.0
516,1,766,34.0,10.5,696,517,13,2.0,181,2,3,2,0,2,0,0,2,0,1.0
517,0,646,32.25215146299484,24.15,1034,518,12,1.0,186,3,5,1,0,2,0,0,1,0,0.0
518,1,142,36.0,26.0,49,519,13,2.0,186,2,5,2,1,3,0,1,2,0,1.0
519,0,525,32.0,7.8958,933,520,12,1.0,186,3,1,1,0,2,0,0,2,0,0.0
520,1,86,30.0,93.5,950,521,9,2.0,52,1,0,3,0,2,0,0,2,0,1.0
521,0,535,22.0,7.8958,1222,522,12,1.0,186,3,1,1,0,2,4,0,2,0,0.0
522,0,232,32.25215146299484,7.225,666,523,12,1.0,186,3,1,1,0,2,0,0,0,0,0.0
523,1,10,44.0,57.9792,541,524,13,2.0,24,1,0,3,1,3,0,0,0,1,1.0
524,0,295,32.25215146299484,7.2292,629,525,12,1.0,186,3,1,1,0,2,0,0,0,0,0.0
525,0,614,40.5,7.75,378,526,12,1.0,186,3,1,1,0,2,0,0,1,0,0.0
526,1,919,50.0,10.5,1002,527,9,2.0,186,2,3,2,0,2,2,0,2,0,1.0
527,0,797,32.25215146299484,221.7792,379,528,12,1.0,114,1,0,3,0,2,0,0,2,0,0.0
528,0,336,39.0,7.925,1062,529,12,1.0,186,3,1,1,0,2,0,0,2,0,0.0
529,0,319,23.0,11.5,545,530,12,1.0,186,2,3,2,3,3,4,2,2,1,0.0
530,1,239,2.0,26.0,977,531,9,2.0,186,2,5,2,2,3,1,1,2,1,1.0
531,0,240,32.25215146299484,7.2292,1192,532,12,1.0,186,3,1,1,0,2,0,0,0,0,0.0
532,0,285,17.0,7.2292,367,533,12,1.0,186,3,1,1,2,3,4,1,0,1,0.0
533,1,262,36.99411764705882,22.3583,955,534,13,2.0,186,3,4,1,2,3,0,0,0,2,1.0
534,1,348,30.0,8.6625,179,535,9,2.0,186,3,3,1,0,2,0,0,2,0,0.0
535,1,782,7.0,26.25,508,536,9,2.0,186,2,5,2,2,3,1,0,2,2,1.0
536,0,30,45.0,26.55,175,537,7,1.0,36,1,5,3,0,2,0,0,2,0,0.0
537,1,837,30.0,106.425,684,538,9,2.0,186,1,0,3,0,2,0,0,0,0,1.0
538,0,587,32.25215146299484,14.5,1007,539,12,1.0,186,3,3,1,0,2,0,0,2,0,0.0
539,1,97,22.0,49.5,415,540,9,2.0,37,1,0,3,2,3,4,0,0,2,1.0
540,1,928,36.0,71.0,282,541,9,2.0,27,1,0,3,2,3,0,0,2,2,1.0
541,1,459,9.0,31.275,36,542,9,2.0,186,3,5,1,6,2,1,4,2,2,0.0
542,1,459,11.0,31.275,37,543,9,2.0,186,3,5,1,6,2,1,4,2,2,0.0
543,0,317,32.0,26.0,101,544,12,1.0,186,2,5,2,1,3,0,1,2,0,1.0
544,0,837,50.0,106.425,340,545,12,1.0,107,1,0,3,1,3,2,1,0,0,0.0
545,0,686,64.0,26.0,860,546,12,1.0,186,1,5,3,0,2,3,0,2,0,0.0
546,1,317,19.0,26.0,102,547,13,2.0,186,2,5,2,1,3,4,1,2,0,1.0
547,0,860,32.25215146299484,13.8625,911,548,12,1.0,186,2,3,2,0,2,0,0,0,0,1.0
548,0,583,33.0,20.525,451,549,12,1.0,186,3,4,1,2,3,0,1,2,1,0.0
549,0,763,8.0,36.75,304,550,8,1.0,186,2,0,2,2,3,1,1,2,1,1.0
550,0,107,17.0,110.8833,1172,551,12,1.0,101,1,0,3,2,3,4,0,0,2,1.0
551,0,196,27.0,26.0,1079,552,12,1.0,186,2,5,2,0,2,0,0,2,0,0.0
552,0,390,32.25215146299484,7.8292,878,553,12,1.0,186,3,1,1,0,2,0,0,1,0,0.0
553,0,228,22.0,7.225,686,554,12,1.0,186,3,1,1,0,2,4,0,0,0,1.0
554,1,461,22.0,7.775,890,555,9,2.0,186,3,1,1,0,2,4,0,2,0,1.0
555,0,68,62.0,26.55,1283,556,12,1.0,186,1,5,3,0,2,3,0,2,0,0.0
556,1,73,48.0,39.6,352,557,6,2.0,3,1,0,3,1,3,2,1,0,0,1.0
557,0,833,32.25215146299484,227.525,1009,558,12,1.0,186,1,0,3,0,2,0,0,0,0,0.0
558,1,1,39.0,79.65,1167,559,13,2.0,170,1,0,3,2,3,0,1,2,1,1.0
559,1,416,36.0,17.4,1298,560,13,2.0,186,3,4,1,1,3,0,1,2,0,1.0
560,0,648,32.25215146299484,7.75,822,561,12,1.0,186,3,1,1,0,2,0,0,1,0,0.0
561,0,534,40.0,7.8958,1097,562,12,1.0,186,3,1,1,0,2,0,0,2,0,0.0
562,0,134,28.0,13.5,870,563,12,1.0,186,2,3,2,0,2,0,0,2,0,0.0
563,0,892,32.25215146299484,8.05,1091,564,12,1.0,186,3,3,1,0,2,0,0,2,0,0.0
564,1,885,21.774238095238097,8.05,785,565,9,2.0,186,3,3,1,0,2,4,0,2,0,0.0
565,0,714,24.0,24.15,305,566,12,1.0,186,3,5,1,2,3,4,2,2,0,0.0
566,0,488,19.0,7.8958,1147,567,12,1.0,186,3,1,1,0,2,4,0,2,0,0.0
567,1,541,29.0,21.075,918,568,13,2.0,186,3,4,1,4,1,0,0,2,4,0.0
568,0,281,32.25215146299484,7.2292,335,569,12,1.0,186,3,1,1,0,2,0,0,0,0,0.0
569,0,572,32.0,7.8542,612,570,12,1.0,186,3,1,1,0,2,0,0,2,0,1.0
570,0,850,62.0,10.5,503,571,12,1.0,186,2,3,2,0,2,3,0,2,0,1.0
571,1,76,53.0,51.4792,50,572,13,2.0,61,1,0,3,2,3,2,2,2,0,1.0
572,0,792,36.0,26.3875,390,573,12,1.0,153,1,5,3,0,2,0,0,2,0,1.0
573,1,101,21.774238095238097,7.75,637,574,9,2.0,186,3,1,1,0,2,4,0,1,0,1.0
574,0,716,16.0,8.05,1032,575,12,1.0,186,3,3,1,0,2,4,0,2,0,0.0
575,0,577,19.0,14.5,931,576,12,1.0,186,3,3,1,0,2,4,0,2,0,0.0
576,1,190,34.0,13.0,428,577,9,2.0,186,2,3,2,0,2,0,0,2,0,1.0
577,1,93,39.0,55.9,1090,578,13,2.0,161,1,0,3,1,3,0,1,2,0,1.0
578,1,284,36.99411764705882,14.4583,196,579,13,2.0,186,3,3,1,1,3,0,1,0,0,0.0
579,0,904,32.0,7.925,617,580,12,1.0,186,3,1,1,0,2,0,0,2,0,1.0
580,1,175,25.0,30.0,234,581,9,2.0,186,2,5,2,2,3,0,1,2,1,1.0
581,1,107,39.0,110.8833,1173,582,13,2.0,99,1,0,3,2,3,0,1,0,1,1.0
582,0,308,54.0,26.0,344,583,12,1.0,186,2,5,2,0,2,2,0,2,0,0.0
583,0,87,36.0,40.125,1024,584,12,1.0,0,1,0,3,0,2,0,0,0,0,0.0
584,0,401,32.25215146299484,8.7125,932,585,12,1.0,186,3,3,1,0,2,0,0,0,0,0.0
585,1,1,18.0,79.65,1165,586,9,2.0,171,1,0,3,2,3,4,0,2,2,1.0
586,0,168,47.0,15.0,584,587,12,1.0,186,2,3,2,0,2,2,0,2,0,0.0
587,0,96,60.0,79.2,416,588,12,1.0,39,1,0,3,2,3,2,1,0,1,1.0
588,0,103,22.0,8.05,441,589,12,1.0,186,3,3,1,0,2,4,0,2,0,0.0
589,0,707,32.25215146299484,8.05,832,590,12,1.0,186,3,3,1,0,2,0,0,2,0,0.0
590,0,899,35.0,7.125,1005,591,12,1.0,186,3,1,1,0,2,0,0,2,0,0.0
591,1,627,52.0,78.2667,1142,592,13,2.0,123,1,0,3,1,3,2,1,0,0,1.0
592,0,730,47.0,7.25,369,593,12,1.0,186,3,1,1,0,2,2,0,2,0,0.0
593,1,595,21.774238095238097,7.75,141,594,9,2.0,186,3,1,1,2,3,4,0,1,2,0.0
594,0,855,37.0,26.0,224,595,12,1.0,186,2,5,2,1,3,0,1,2,0,0.0
595,0,425,36.0,24.15,1207,596,12,1.0,186,3,5,1,2,3,0,1,2,1,0.0
596,1,207,21.774238095238097,33.0,694,597,9,2.0,186,2,0,2,0,2,4,0,2,0,1.0
597,0,787,49.0,0.0,602,598,12,1.0,186,3,2,1,0,2,2,0,2,0,0.0
598,0,258,32.25215146299484,7.225,139,599,12,1.0,186,3,1,1,0,2,0,0,0,0,0.0
599,0,798,49.0,56.9292,353,600,16,2.0,6,1,0,3,1,3,2,1,0,0,1.0
600,1,189,24.0,27.0,580,601,13,2.0,186,2,5,2,3,3,4,2,2,1,1.0
601,0,497,32.25215146299484,7.8958,1107,602,12,1.0,186,3,1,1,0,2,0,0,2,0,0.0
602,0,61,32.25215146299484,42.4,502,603,12,1.0,186,1,0,3,0,2,0,0,2,0,0.0
603,0,591,44.0,8.05,1189,604,12,1.0,186,3,3,1,0,2,0,0,2,0,0.0
604,0,12,35.0,26.55,556,605,12,1.0,186,1,5,3,0,2,0,0,0,0,1.0
605,0,542,36.0,15.55,709,606,12,1.0,186,3,3,1,1,3,0,1,2,0,0.0
606,0,529,30.0,7.8958,622,607,12,1.0,186,3,1,1,0,2,0,0,2,0,0.0
607,0,66,27.0,30.5,298,608,12,1.0,186,1,5,3,0,2,0,0,2,0,1.0
608,1,868,22.0,41.5792,680,609,13,2.0,186,2,0,2,3,3,4,1,0,2,1.0
609,1,805,40.0,153.4625,1086,610,9,2.0,72,1,0,3,0,2,0,0,2,0,1.0
610,1,459,39.0,31.275,41,611,13,2.0,186,3,5,1,6,2,0,1,2,5,0.0
611,0,874,32.25215146299484,7.05,583,612,12,1.0,186,3,1,1,0,2,0,0,2,0,0.0
612,1,612,21.774238095238097,15.5,834,613,9,2.0,186,3,3,1,1,3,4,1,1,0,1.0
613,0,643,32.25215146299484,7.75,559,614,12,1.0,186,3,1,1,0,2,0,0,1,0,0.0
614,0,592,35.0,8.05,158,615,12,1.0,186,3,3,1,0,2,0,0,2,0,0.0
615,1,138,24.0,65.0,529,616,9,2.0,186,2,0,2,3,3,4,1,2,2,1.0
616,0,457,34.0,14.4,296,617,12,1.0,186,3,3,1,2,3,0,1,2,1,0.0
617,1,734,26.0,16.1,720,618,13,2.0,186,3,4,1,1,3,0,1,2,0,0.0
618,1,146,4.0,39.0,107,619,9,2.0,183,2,0,2,3,3,1,2,2,1,1.0
619,0,340,26.0,10.5,430,620,12,1.0,186,2,3,2,0,2,0,0,2,0,0.0
620,0,253,27.0,14.4542,1284,621,12,1.0,186,3,3,1,1,3,0,1,0,0,0.0
621,0,72,42.0,52.5542,649,622,12,1.0,122,1,0,3,1,3,0,1,2,0,1.0
622,0,247,20.0,15.7417,841,623,12,1.0,186,3,3,1,2,3,4,1,0,1,1.0
623,0,547,21.0,7.8542,491,624,12,1.0,186,3,1,1,0,2,4,0,2,0,0.0
624,0,678,21.0,16.1,145,625,12,1.0,186,3,4,1,0,2,4,0,2,0,0.0
625,0,628,61.0,32.3208,1158,626,12,1.0,142,1,0,3,0,2,3,0,2,0,0.0
626,0,135,57.0,12.35,656,627,15,0.0,186,2,3,2,0,2,2,0,1,0,0.0
627,1,92,21.0,77.9583,723,628,9,2.0,146,1,0,3,0,2,4,0,2,0,1.0
628,0,507,26.0,7.8958,135,629,12,1.0,186,3,1,1,0,2,0,0,2,0,0.0
629,0,392,32.25215146299484,7.7333,880,630,12,1.0,186,3,1,1,0,2,0,0,1,0,0.0
630,0,296,80.0,30.0,93,631,12,1.0,8,1,5,3,0,2,3,0,2,0,1.0
631,0,478,51.0,7.0542,729,632,12,1.0,186,3,1,1,0,2,2,0,2,0,0.0
632,0,90,32.0,30.5,1133,633,4,1.3489623366641046,44,1,5,3,0,2,0,0,0,0,1.0
633,0,17,32.25215146299484,0.0,927,634,12,1.0,186,1,2,3,0,2,0,0,2,0,0.0
634,1,464,9.0,27.9,1103,635,9,2.0,186,3,5,1,5,1,1,3,2,2,0.0
635,1,169,28.0,13.0,311,636,9,2.0,186,2,3,2,0,2,0,0,2,0,1.0
636,0,908,32.0,7.925,693,637,12,1.0,186,3,1,1,0,2,0,0,2,0,0.0
637,0,761,31.0,26.25,254,638,12,1.0,186,2,5,2,2,3,0,1,2,1,0.0
638,1,335,41.0,39.6875,924,639,13,2.0,186,3,0,1,5,1,0,0,2,5,0.0
639,0,654,32.25215146299484,16.1,1182,640,12,1.0,186,3,4,1,1,3,0,1,2,0,0.0
640,0,558,20.0,7.8542,588,641,12,1.0,186,3,1,1,0,2,4,0,2,0,0.0
641,1,795,24.0,69.3,1058,642,10,2.0,33,1,0,3,0,2,4,0,0,0,1.0
642,1,464,2.0,27.9,1104,643,9,2.0,186,3,5,1,5,1,1,3,2,2,0.0
643,0,104,32.25215146299484,56.4958,393,644,12,1.0,186,3,0,1,0,2,0,0,2,0,1.0
644,1,260,0.75,19.2583,78,645,9,2.0,186,3,4,1,3,3,1,2,0,1,1.0
645,0,803,48.0,76.7292,499,646,12,1.0,129,1,0,3,1,3,2,1,0,0,1.0
646,0,514,19.0,7.8958,267,647,12,1.0,186,3,1,1,0,2,4,0,2,0,0.0
647,0,89,56.0,35.5,1092,648,1,1.0,10,1,0,3,0,2,2,0,0,0,1.0
648,0,845,32.25215146299484,7.55,1269,649,12,1.0,186,3,1,1,0,2,0,0,2,0,0.0
649,1,777,23.0,7.55,1136,650,9,2.0,186,3,1,1,0,2,4,0,2,0,1.0
650,0,504,32.25215146299484,7.8958,806,651,12,1.0,186,3,1,1,0,2,0,0,2,0,0.0
651,1,149,18.0,23.0,336,652,9,2.0,186,2,4,2,1,3,4,0,2,1,1.0
652,0,702,21.0,8.4333,619,653,12,1.0,186,3,3,1,0,2,4,0,2,0,0.0
653,1,377,21.774238095238097,7.8292,887,654,9,2.0,186,3,1,1,0,2,4,0,1,0,1.0
654,1,603,18.0,6.75,522,655,9,2.0,186,3,1,1,0,2,4,0,1,0,0.0
655,0,847,24.0,73.5,534,656,12,1.0,186,2,0,2,2,3,4,2,2,0,0.0
656,0,506,32.25215146299484,7.8958,980,657,12,1.0,186,3,1,1,0,2,0,0,2,0,0.0
657,1,596,32.0,15.5,143,658,13,2.0,186,3,3,1,2,3,0,1,1,1,0.0
658,0,326,23.0,13.0,362,659,12,1.0,186,2,3,2,0,2,4,0,2,0,0.0
659,0,573,58.0,113.275,857,660,12,1.0,140,1,0,3,2,3,2,0,0,2,0.0
660,0,827,50.0,133.65,412,661,4,1.3489623366641046,186,1,0,3,2,3,2,2,2,0,1.0
661,0,231,40.0,7.225,83,662,12,1.0,186,3,1,1,0,2,0,0,0,0,0.0
662,0,679,47.0,25.5875,252,663,12,1.0,167,1,5,3,0,2,2,0,2,0,0.0
663,0,493,36.0,7.4958,247,664,12,1.0,186,3,1,1,0,2,0,0,2,0,0.0
664,0,903,20.0,7.925,711,665,12,1.0,186,3,1,1,1,3,4,1,2,0,1.0
665,0,847,32.0,73.5,535,666,12,1.0,186,2,0,2,2,3,0,2,2,0,0.0
666,0,157,25.0,13.0,174,667,12,1.0,186,2,3,2,0,2,0,0,2,0,0.0
667,0,343,32.25215146299484,7.775,1017,668,12,1.0,186,3,1,1,0,2,0,0,2,0,0.0
668,0,727,43.0,8.05,263,669,12,1.0,186,3,3,1,0,2,0,0,2,0,0.0
669,1,127,36.99411764705882,52.0,1169,670,13,2.0,73,1,0,3,1,3,0,1,2,0,1.0
670,1,325,40.0,39.0,164,671,13,2.0,186,2,0,2,2,3,0,1,2,1,1.0
671,0,779,31.0,52.0,302,672,12,1.0,51,1,0,3,1,3,0,1,2,0,0.0
672,0,752,70.0,10.5,805,673,12,1.0,186,2,3,2,0,2,3,0,2,0,0.0
673,0,192,31.0,13.0,1265,674,12,1.0,186,2,3,2,0,2,0,0,2,0,1.0
674,0,181,32.25215146299484,0.0,1234,675,12,1.0,186,2,2,2,0,2,0,0,2,0,0.0
675,0,544,18.0,7.775,361,676,12,1.0,186,3,1,1,0,2,4,0,2,0,0.0
676,0,407,24.5,8.05,1071,677,12,1.0,186,3,3,1,0,2,0,0,2,0,0.0
677,1,676,18.0,9.8417,1201,678,9,2.0,186,3,3,1,0,2,4,0,2,0,1.0
678,1,775,43.0,46.9,462,679,13,2.0,186,3,0,1,7,0,0,1,2,6,0.0
679,0,831,36.0,512.3292,198,680,12,1.0,45,1,0,3,1,3,0,0,0,1,1.0
680,1,383,21.774238095238097,8.1375,956,681,9,2.0,186,3,3,1,0,2,4,0,1,0,0.0
681,0,803,27.0,76.7292,512,682,12,1.0,141,1,0,3,0,2,0,0,0,0,1.0
682,0,684,20.0,9.225,899,683,12,1.0,186,3,3,1,0,2,4,0,2,0,0.0
683,0,775,14.0,46.9,460,684,12,1.0,186,3,0,1,7,0,4,5,2,2,0.0
684,0,325,60.0,39.0,161,685,12,1.0,186,2,0,2,2,3,2,1,2,1,0.0
685,0,868,25.0,41.5792,679,686,12,1.0,186,2,0,2,3,3,0,1,0,2,0.0
686,0,335,14.0,39.6875,923,687,12,1.0,186,3,0,1,5,1,4,4,2,1,0.0
687,0,511,19.0,10.1708,291,688,12,1.0,186,3,3,1,0,2,4,0,2,0,0.0
688,0,551,18.0,7.7958,384,689,12,1.0,186,3,1,1,0,2,4,0,2,0,0.0
689,1,187,15.0,211.3375,737,690,9,2.0,43,1,0,3,1,3,4,0,2,1,1.0
690,0,113,31.0,57.0,327,691,12,1.0,26,1,0,3,1,3,0,1,2,0,1.0
691,1,539,4.0,13.4167,627,692,9,2.0,186,3,3,1,1,3,1,0,0,1,1.0
692,0,104,32.25215146299484,56.4958,671,693,12,1.0,186,3,0,1,0,2,0,0,2,0,1.0
693,0,267,25.0,7.225,1041,694,12,1.0,186,3,1,1,0,2,0,0,0,0,0.0
694,0,63,60.0,26.55,1239,695,1,1.0,186,1,5,3,0,2,2,0,2,0,0.0
695,0,208,52.0,13.5,223,696,12,1.0,186,2,3,2,0,2,2,0,2,0,0.0
696,0,585,44.0,8.05,638,697,12,1.0,186,3,3,1,0,2,0,0,2,0,0.0
697,1,576,21.774238095238097,7.7333,830,698,9,2.0,186,3,1,1,0,2,4,0,1,0,1.0
698,0,107,49.0,110.8833,1171,699,12,1.0,99,1,0,3,2,3,2,1,0,1,0.0
699,0,479,42.0,7.65,567,700,12,1.0,178,3,1,1,0,2,0,0,2,0,0.0
700,1,833,18.0,227.525,69,701,13,2.0,97,1,0,3,1,3,4,1,0,0,1.0
701,0,793,35.0,26.2875,1088,702,12,1.0,152,1,5,3,0,2,0,0,2,0,1.0
702,1,286,18.0,14.4542,90,703,9,2.0,186,3,3,1,1,3,4,0,0,1,0.0
703,0,620,25.0,7.7417,426,704,12,1.0,186,3,1,1,0,2,0,0,1,0,0.0
704,0,545,26.0,7.8542,490,705,12,1.0,186,3,1,1,1,3,0,1,2,0,0.0
705,0,226,39.0,26.0,820,706,12,1.0,186,2,5,2,0,2,0,0,2,0,0.0
706,1,140,45.0,13.5,639,707,13,2.0,186,2,3,2,0,2,0,0,2,0,1.0
707,0,794,42.0,26.2875,183,708,12,1.0,152,1,5,3,0,2,0,0,2,0,1.0
708,1,49,22.0,151.55,242,709,9,2.0,186,1,0,3,0,2,4,0,2,0,1.0
709,0,255,5.482641509433963,15.2458,825,710,8,1.0,186,3,3,1,2,3,1,1,0,1,1.0
710,1,796,24.0,49.5042,764,711,10,2.0,110,1,0,3,0,2,4,0,0,0,1.0
711,0,26,32.25215146299484,26.55,657,712,12,1.0,71,1,5,3,0,2,0,0,2,0,0.0
712,0,127,48.0,52.0,1168,713,12,1.0,73,1,0,3,1,3,2,1,2,0,1.0
713,0,694,29.0,9.4833,681,714,12,1.0,186,3,3,1,0,2,0,0,2,0,0.0
714,0,219,52.0,13.0,468,715,12,1.0,186,2,3,2,0,2,2,0,2,0,0.0
715,0,482,19.0,7.65,1124,716,12,1.0,179,3,1,1,0,2,4,0,2,0,0.0
716,1,833,38.0,227.525,373,717,9,2.0,86,1,0,3,0,2,0,0,0,0,1.0
717,1,403,27.0,10.5,1198,718,9,2.0,148,2,3,2,0,2,0,0,2,0,1.0
718,0,606,32.25215146299484,15.5,775,719,12,1.0,186,3,3,1,0,2,0,0,1,0,0.0
719,0,439,33.0,7.775,603,720,12,1.0,186,3,1,1,0,2,0,0,2,0,0.0
720,1,207,6.0,33.0,498,721,9,2.0,186,2,0,2,1,3,1,0,2,1,1.0
721,0,557,17.0,7.0542,590,722,12,1.0,186,3,1,1,1,3,4,1,2,0,0.0
722,0,84,34.0,13.0,443,723,12,1.0,186,2,3,2,0,2,0,0,2,0,0.0
723,0,216,50.0,13.0,548,724,12,1.0,186,2,3,2,0,2,2,0,2,0,0.0
724,0,67,27.0,53.1,221,725,12,1.0,173,1,0,3,1,3,0,1,2,0,1.0
725,0,358,20.0,8.6625,903,726,12,1.0,186,3,3,1,0,2,4,0,2,0,0.0
726,1,339,30.0,21.0,987,727,13,2.0,186,2,4,2,3,3,0,3,2,0,1.0
727,1,622,21.774238095238097,7.7375,753,728,9,2.0,186,3,1,1,0,2,4,0,1,0,1.0
728,0,162,25.0,26.0,166,729,12,1.0,186,2,5,2,1,3,0,1,2,0,0.0
729,1,912,25.0,7.925,575,730,9,2.0,186,3,1,1,1,3,0,1,2,0,0.0
730,1,187,29.0,211.3375,21,731,9,2.0,43,1,0,3,0,2,0,0,2,0,1.0
731,0,294,11.0,18.7875,513,732,12,1.0,186,3,4,1,0,2,1,0,0,0,0.0
732,0,180,32.25215146299484,0.0,661,733,12,1.0,186,2,2,2,0,2,0,0,2,0,0.0
733,0,311,23.0,13.0,117,734,12,1.0,186,2,3,2,0,2,4,0,2,0,0.0
734,0,152,23.0,13.0,1196,735,12,1.0,186,2,3,2,0,2,4,0,2,0,0.0
735,0,678,28.5,16.1,1273,736,12,1.0,186,3,4,1,0,2,0,0,2,0,0.0
736,1,924,48.0,34.375,399,737,13,2.0,186,3,0,1,4,1,2,1,2,3,0.0
737,0,831,35.0,512.3292,701,738,12,1.0,21,1,0,3,0,2,0,0,0,0,1.0
738,0,484,32.25215146299484,7.8958,578,739,12,1.0,186,3,1,1,0,2,0,0,2,0,0.0
739,0,501,32.25215146299484,7.8958,844,740,12,1.0,186,3,1,1,0,2,0,0,2,0,0.0
740,0,106,32.25215146299484,30.0,514,741,12,1.0,137,1,5,3,0,2,0,0,2,0,1.0
741,0,118,36.0,78.85,216,742,12,1.0,87,1,0,3,1,3,0,1,2,0,0.0
742,1,824,21.0,262.375,1037,743,9,2.0,47,1,0,3,4,1,4,2,0,2,1.0
743,0,655,24.0,16.1,782,744,12,1.0,186,3,4,1,1,3,4,1,2,0,0.0
744,0,905,31.0,7.925,1149,745,12,1.0,186,3,1,1,0,2,0,0,2,0,1.0
745,0,928,70.0,71.0,281,746,0,0.0,27,1,0,3,2,3,3,1,2,1,0.0
746,0,753,16.0,20.25,2,747,12,1.0,186,3,4,1,2,3,4,1,2,1,0.0
747,1,220,30.0,13.0,1094,748,9,2.0,186,2,3,2,0,2,0,0,2,0,1.0
748,0,45,19.0,53.1,758,749,12,1.0,128,1,0,3,1,3,4,1,2,0,0.0
749,0,395,31.0,7.75,260,750,12,1.0,186,3,1,1,0,2,0,0,1,0,0.0
750,1,318,4.0,23.0,1243,751,9,2.0,186,2,4,2,2,3,1,1,2,1,1.0
751,0,669,6.0,12.475,812,752,8,1.0,150,3,3,1,1,3,1,0,2,1,1.0
752,0,431,33.0,9.5,1210,753,12,1.0,186,3,3,1,0,2,0,0,2,0,0.0
753,0,487,23.0,7.8958,611,754,12,1.0,186,3,1,1,0,2,4,0,2,0,0.0
754,1,138,48.0,65.0,532,755,13,2.0,186,2,0,2,3,3,2,1,2,2,1.0
755,0,221,0.67,14.5,485,756,8,1.0,186,2,3,2,2,3,1,1,2,1,1.0
756,0,552,28.0,7.7958,200,757,12,1.0,186,3,1,1,0,2,0,0,2,0,0.0
757,0,323,18.0,11.5,84,758,12,1.0,186,2,3,2,0,2,4,0,2,0,0.0
758,0,584,34.0,8.05,1174,759,12,1.0,186,3,3,1,0,2,0,0,2,0,0.0
759,1,0,33.0,86.5,1026,760,17,2.0,53,1,0,3,0,2,0,0,2,0,1.0
760,0,577,32.25215146299484,14.5,427,761,12,1.0,186,3,3,1,0,2,0,0,2,0,0.0
761,0,886,41.0,7.125,868,762,12,1.0,186,3,1,1,0,2,0,0,2,0,0.0
762,0,257,20.0,7.2292,89,763,12,1.0,186,3,1,1,0,2,4,0,0,0,1.0
763,1,43,36.0,120.0,211,764,13,2.0,60,1,0,3,3,3,0,1,2,2,1.0
764,0,451,16.0,7.775,363,765,12,1.0,186,3,1,1,0,2,4,0,2,0,0.0
765,1,92,51.0,77.9583,549,766,13,2.0,119,1,0,3,1,3,2,1,2,0,1.0
766,0,24,43.57142857142857,39.6,156,767,4,1.3489623366641046,186,1,0,3,0,2,0,0,0,0,0.0
767,1,597,30.5,7.75,751,768,9,2.0,186,3,1,1,0,2,0,0,1,0,0.0
768,0,646,32.25215146299484,24.15,817,769,12,1.0,186,3,5,1,1,3,0,1,1,0,0.0
769,0,701,32.0,8.3625,471,770,12,1.0,186,3,3,1,0,2,0,0,2,0,0.0
770,0,432,24.0,9.5,705,771,12,1.0,186,3,3,1,0,2,4,0,2,0,0.0
771,0,556,48.0,7.8542,589,772,12,1.0,186,3,1,1,0,2,2,0,2,0,0.0
772,1,844,57.0,10.5,735,773,13,2.0,172,2,3,2,0,2,2,0,2,0,0.0
773,0,269,32.25215146299484,7.225,365,774,12,1.0,186,3,1,1,0,2,0,0,0,0,0.0
774,1,320,54.0,23.0,547,775,13,2.0,186,2,4,2,4,1,2,1,2,3,1.0
775,0,455,18.0,7.75,836,776,12,1.0,186,3,1,1,0,2,4,0,2,0,0.0
776,0,661,32.25215146299484,7.75,1185,777,12,1.0,182,3,1,1,0,2,0,0,1,0,0.0
777,1,593,5.0,12.475,370,778,9,2.0,186,3,3,1,0,2,1,0,2,0,1.0
778,0,621,32.25215146299484,7.7375,648,779,12,1.0,186,3,1,1,0,2,0,0,1,0,0.0
779,1,187,43.0,211.3375,1010,780,13,2.0,31,1,0,3,1,3,0,0,2,1,1.0
780,1,282,13.0,7.2292,74,781,9,2.0,186,3,1,1,0,2,4,0,0,0,1.0
781,1,113,17.0,57.0,328,782,13,2.0,26,1,0,3,1,3,4,1,2,0,1.0
782,0,36,29.0,30.0,722,783,12,1.0,144,1,5,3,0,2,0,0,2,0,0.0
783,0,923,32.25215146299484,23.45,608,784,12,1.0,186,3,4,1,3,3,0,1,2,2,0.0
784,0,881,25.0,7.05,20,785,12,1.0,186,3,1,1,0,2,0,0,2,0,0.0
785,0,651,25.0,7.25,497,786,12,1.0,186,3,1,1,0,2,0,0,2,0,0.0
786,1,328,18.0,7.4958,1099,787,9,2.0,186,3,1,1,0,2,4,0,2,0,1.0
787,0,659,8.0,29.125,996,788,8,1.0,186,3,5,1,5,1,1,4,1,1,0.0
788,0,750,1.0,20.575,315,789,8,1.0,186,3,4,1,3,3,1,1,2,2,1.0
789,0,810,46.0,79.2,473,790,12,1.0,57,1,0,3,0,2,2,0,0,0,0.0
790,0,85,32.25215146299484,7.75,632,791,12,1.0,186,3,1,1,0,2,0,0,1,0,0.0
791,0,182,16.0,26.0,429,792,12,1.0,186,2,5,2,0,2,4,0,2,0,0.0
792,1,778,21.774238095238097,69.55,1052,793,9,2.0,186,3,0,1,10,0,4,8,2,2,0.0
793,0,817,32.25215146299484,30.6958,565,794,12,1.0,186,1,5,3,0,2,0,0,0,0,0.0
794,0,486,25.0,7.8958,301,795,12,1.0,186,3,1,1,0,2,0,0,2,0,0.0
795,0,304,39.0,13.0,908,796,12,1.0,186,2,3,2,0,2,0,0,2,0,0.0
796,1,111,49.0,25.9292,685,797,4,1.3489623366641046,121,1,5,3,0,2,2,0,2,0,1.0
797,1,527,31.0,8.6833,905,798,13,2.0,186,3,3,1,0,2,0,0,2,0,1.0
798,0,280,30.0,7.2292,570,799,12,1.0,186,3,1,1,0,2,0,0,0,0,0.0
799,1,425,30.0,24.15,1208,800,13,2.0,186,3,5,1,2,3,0,1,2,1,0.0
800,0,219,34.0,13.0,972,801,12,1.0,186,2,3,2,0,2,0,0,2,0,0.0
801,1,761,31.0,26.25,255,802,13,2.0,186,2,5,2,2,3,0,1,2,1,1.0
802,0,43,11.0,120.0,207,803,8,1.0,60,1,0,3,3,3,1,1,2,2,1.0
803,0,233,0.42,8.5167,1175,804,8,1.0,186,3,3,1,1,3,1,0,0,1,1.0
804,0,465,27.0,6.975,520,805,12,1.0,186,3,1,1,0,2,0,0,2,0,1.0
805,0,440,31.0,7.775,598,806,12,1.0,186,3,1,1,0,2,0,0,2,0,0.0
806,0,15,39.0,0.0,46,807,12,1.0,15,1,2,3,0,2,0,0,2,0,0.0
807,1,463,18.0,7.775,962,808,9,2.0,186,3,1,1,0,2,4,0,2,0,0.0
808,0,205,39.0,13.0,792,809,12,1.0,186,2,3,2,0,2,0,0,2,0,0.0
809,1,67,33.0,53.1,222,810,13,2.0,173,1,0,3,1,3,0,1,2,0,1.0
810,0,468,26.0,7.8875,17,811,12,1.0,186,3,1,1,0,2,0,0,2,0,0.0
811,0,714,39.0,24.15,700,812,12,1.0,186,3,5,1,0,2,0,0,2,0,0.0
812,0,303,35.0,10.5,1109,813,12,1.0,186,2,3,2,0,2,0,0,2,0,0.0
813,1,459,6.0,31.275,32,814,9,2.0,186,3,5,1,6,2,1,4,2,2,0.0
814,0,588,30.5,8.05,1187,815,12,1.0,186,3,3,1,0,2,0,0,2,0,0.0
815,0,19,32.25215146299484,0.0,419,816,12,1.0,22,1,2,3,0,2,0,0,2,0,0.0
816,1,916,23.0,7.925,524,817,9,2.0,186,3,1,1,0,2,4,0,2,0,0.0
817,0,841,31.0,37.0042,748,818,12,1.0,186,2,0,2,2,3,0,1,0,1,0.0
818,0,744,43.0,6.45,552,819,12,1.0,186,3,1,1,0,2,0,0,2,0,0.0
819,0,464,10.0,27.9,1102,820,8,1.0,186,3,5,1,5,1,1,3,2,2,0.0
820,1,86,52.0,93.5,517,821,13,2.0,50,1,0,3,2,3,2,1,2,1,1.0
821,0,362,27.0,8.6625,728,822,12,1.0,186,3,3,1,0,2,0,0,2,0,1.0
822,0,125,38.0,0.0,988,823,5,0.0,186,1,2,3,0,2,0,0,2,0,0.0
823,1,669,27.0,12.475,813,824,13,2.0,150,3,3,1,1,3,0,0,2,1,1.0
824,0,335,2.0,39.6875,921,825,8,1.0,186,3,0,1,5,1,1,4,2,1,0.0
825,0,616,32.25215146299484,6.95,389,826,12,1.0,186,3,1,1,0,2,0,0,1,0,0.0
826,0,104,32.25215146299484,56.4958,672,827,12,1.0,186,3,0,1,0,2,0,0,2,0,0.0
827,0,841,1.0,37.0042,747,828,8,1.0,186,2,0,2,2,3,1,0,0,2,1.0
828,0,610,32.25215146299484,7.75,768,829,12,1.0,186,3,1,1,0,2,0,0,1,0,1.0
829,1,42,62.0,80.0,1145,830,13,2.0,30,1,0,3,0,2,3,0,2,0,1.0
830,1,253,15.0,14.4542,1285,831,13,2.0,186,3,3,1,1,3,4,1,0,0,1.0
831,0,321,0.83,18.75,999,832,8,1.0,186,2,4,2,2,3,1,1,2,1,1.0
832,0,266,32.25215146299484,7.2292,1040,833,12,1.0,186,3,1,1,0,2,0,0,0,0,0.0
833,0,473,23.0,7.8542,73,834,12,1.0,186,3,1,1,0,2,4,0,2,0,0.0
834,0,139,18.0,8.3,27,835,12,1.0,186,3,3,1,0,2,4,0,2,0,0.0
835,1,832,39.0,83.1583,256,836,9,2.0,164,1,0,3,2,3,0,1,0,1,1.0
836,0,361,21.0,8.6625,930,837,12,1.0,186,3,3,1,0,2,4,0,2,0,0.0
837,0,667,32.25215146299484,8.05,1096,838,12,1.0,186,3,3,1,0,2,0,0,2,0,0.0
838,0,104,32.0,56.4958,231,839,12,1.0,186,3,0,1,0,2,0,0,2,0,1.0
839,0,79,32.25215146299484,29.7,755,840,12,1.0,88,1,5,3,0,2,0,0,0,0,1.0
840,0,888,20.0,7.925,18,841,12,1.0,186,3,1,1,0,2,4,0,2,0,0.0
841,0,844,16.0,10.5,829,842,12,1.0,186,2,3,2,0,2,4,0,2,0,0.0
842,1,62,30.0,31.0,1077,843,9,2.0,186,1,5,3,0,2,0,0,0,0,1.0
843,0,278,34.5,6.4375,695,844,12,1.0,186,3,1,1,0,2,0,0,0,0,0.0
844,0,354,17.0,8.6625,284,845,12,1.0,186,3,3,1,0,2,4,0,2,0,0.0
845,0,772,42.0,7.55,0,846,12,1.0,186,3,1,1,0,2,0,0,2,0,0.0
846,0,778,32.25215146299484,69.55,1053,847,12,1.0,186,3,0,1,10,0,0,8,2,2,0.0
847,0,496,35.0,7.8958,756,848,12,1.0,186,3,1,1,0,2,0,0,0,0,0.0
848,0,207,28.0,33.0,501,849,15,0.0,186,2,0,2,1,3,0,0,2,1,0.0
849,1,108,36.99411764705882,89.1042,448,850,13,2.0,112,1,0,3,1,3,0,1,0,0,1.0
850,0,459,4.0,31.275,31,851,8,1.0,186,3,5,1,6,2,1,4,2,2,0.0
851,0,437,74.0,7.775,1159,852,12,1.0,186,3,1,1,0,2,3,0,2,0,0.0
852,1,273,9.0,15.2458,138,853,9,2.0,186,3,3,1,2,3,1,1,0,1,0.0
853,1,809,16.0,39.4,714,854,9,2.0,127,1,0,3,1,3,4,0,2,1,1.0
854,1,191,44.0,26.0,210,855,13,2.0,186,2,5,2,1,3,0,1,2,0,0.0
855,1,666,18.0,9.35,14,856,13,2.0,186,3,3,1,1,3,4,0,2,1,1.0
856,1,626,45.0,164.8667,1258,857,13,2.0,186,1,0,3,2,3,0,1,2,1,1.0
857,0,33,51.0,26.55,294,858,12,1.0,151,1,5,3,0,2,2,0,2,0,1.0
858,1,260,24.0,19.2583,81,859,13,2.0,186,3,4,1,3,3,4,0,0,3,1.0
859,0,237,32.25215146299484,7.2292,982,860,12,1.0,186,3,1,1,0,2,0,0,0,0,0.0
860,0,546,41.0,14.1083,489,861,12,1.0,186,3,3,1,2,3,0,2,2,0,0.0
861,0,302,21.0,11.5,439,862,12,1.0,186,2,3,2,1,3,4,1,2,0,0.0
862,1,112,48.0,25.9292,1164,863,13,2.0,121,1,5,3,0,2,2,0,2,0,1.0
863,1,778,21.774238095238097,69.55,1051,864,9,2.0,186,3,0,1,10,0,4,8,2,2,0.0
864,0,154,24.0,13.0,442,865,12,1.0,186,2,3,2,0,2,4,0,2,0,0.0
865,1,161,42.0,13.0,177,866,13,2.0,186,2,3,2,0,2,0,0,2,0,1.0
866,1,863,27.0,13.8583,356,867,9,2.0,186,2,3,2,1,3,0,1,0,0,1.0
867,0,807,31.0,50.4958,1013,868,12,1.0,9,1,0,3,0,2,0,0,2,0,0.0
868,0,428,32.25215146299484,9.5,1306,869,12,1.0,186,3,3,1,0,2,0,0,2,0,0.0
869,0,477,4.0,11.1333,600,870,8,1.0,186,3,3,1,2,3,1,1,2,1,1.0
870,0,531,26.0,7.8958,86,871,12,1.0,186,3,1,1,0,2,0,0,2,0,0.0
871,1,70,47.0,52.5542,111,872,13,2.0,131,1,0,3,2,3,2,1,2,1,1.0
872,0,688,33.0,5.0,202,873,12,1.0,45,1,1,3,0,2,0,0,2,0,0.0
873,0,419,47.0,9.0,1213,874,12,1.0,186,3,3,1,0,2,2,0,2,0,0.0
874,1,789,28.0,24.0,7,875,13,2.0,186,2,4,2,1,3,0,1,0,0,1.0
875,1,261,15.0,7.225,839,876,9,2.0,186,3,1,1,0,2,4,0,0,0,1.0
876,0,691,20.0,9.8458,474,877,12,1.0,186,3,3,1,0,2,4,0,2,0,0.0
877,0,495,19.0,7.8958,959,878,12,1.0,186,3,1,1,0,2,4,0,2,0,0.0
878,0,500,32.25215146299484,7.8958,670,879,12,1.0,186,3,1,1,0,2,0,0,2,0,0.0
879,1,75,56.0,83.1583,975,880,13,2.0,90,1,0,3,1,3,2,0,0,1,1.0
880,1,147,25.0,26.0,1083,881,13,2.0,186,2,5,2,1,3,0,0,2,1,1.0
881,0,540,33.0,7.8958,757,882,12,1.0,186,3,1,1,0,2,0,0,2,0,0.0
882,1,697,22.0,10.5167,290,883,9,2.0,186,3,3,1,0,2,4,0,2,0,0.0
883,0,774,28.0,10.5,88,884,12,1.0,186,2,3,2,0,2,0,0,2,0,0.0
884,0,891,25.0,7.05,1157,885,12,1.0,186,3,1,1,0,2,0,0,2,0,0.0
885,1,659,39.0,29.125,997,886,13,2.0,186,3,5,1,5,1,0,0,1,5,0.0
886,0,130,27.0,13.0,811,887,15,0.0,186,2,3,2,0,2,0,0,2,0,0.0
887,1,18,19.0,30.0,464,888,9,2.0,40,1,5,3,0,2,4,0,2,0,1.0
888,1,923,21.774238095238097,23.45,607,889,9,2.0,186,3,4,1,3,3,4,1,2,2,0.0
889,0,11,26.0,30.0,113,890,12,1.0,77,1,5,3,0,2,0,0,0,0,1.0
890,0,642,32.0,7.75,338,891,12,1.0,186,3,1,1,0,2,0,0,1,0,0.0
891,0,376,34.5,7.8292,638,892,12,1.0,186,3,1,1,0,2,0,0,1,0,0.3838383838383838
892,1,582,47.0,7.0,1266,893,13,2.0,186,3,1,1,1,3,2,1,2,0,0.3838383838383838
893,0,184,62.0,9.6875,837,894,12,1.0,186,2,3,2,0,2,3,0,1,0,0.3838383838383838
894,0,366,27.0,8.6625,1278,895,12,1.0,186,3,3,1,0,2,0,0,2,0,0.3838383838383838
895,1,338,22.0,12.2875,543,896,13,2.0,186,3,3,1,2,3,4,1,2,1,0.3838383838383838
896,0,692,14.0,9.225,1160,897,12,1.0,186,3,3,1,0,2,4,0,2,0,0.3838383838383838
897,1,389,30.0,7.6292,261,898,9,2.0,186,3,1,1,0,2,0,0,1,0,0.3838383838383838
898,0,211,26.0,29.0,185,899,12,1.0,186,2,5,2,2,3,0,1,2,1,0.3838383838383838
899,1,251,18.0,7.2292,9,900,13,2.0,186,3,1,1,0,2,4,0,0,0,0.3838383838383838
900,0,714,21.0,24.15,308,901,12,1.0,186,3,5,1,2,3,4,2,2,0,0.3838383838383838
901,0,503,32.25215146299484,7.8958,573,902,12,1.0,186,3,1,1,0,2,0,0,2,0,0.3838383838383838
902,0,687,46.0,26.0,610,903,12,1.0,186,1,5,3,0,2,2,0,2,0,0.3838383838383838
903,1,131,23.0,82.2667,1122,904,13,2.0,41,1,0,3,1,3,4,1,2,0,0.3838383838383838
904,0,185,63.0,26.0,562,905,12,1.0,186,2,5,2,1,3,3,1,2,0,0.3838383838383838
905,1,926,47.0,61.175,220,906,13,2.0,154,1,0,3,1,3,2,1,2,0,0.3838383838383838
906,1,866,24.0,27.7208,1302,907,13,2.0,186,2,5,2,1,3,4,1,0,0,0.3838383838383838
907,0,153,35.0,12.35,633,908,12,1.0,186,2,3,2,0,2,0,0,1,0,0.3838383838383838
908,0,287,21.0,7.225,66,909,12,1.0,186,3,1,1,0,2,4,0,0,0,0.3838383838383838
909,1,911,27.0,7.925,574,910,9,2.0,186,3,1,1,1,3,0,1,2,0,0.3838383838383838
910,1,291,45.0,7.225,65,911,13,2.0,186,3,1,1,0,2,0,0,0,0,0.3838383838383838
911,0,819,55.0,59.4,1027,912,12,1.0,186,1,0,3,1,3,2,1,0,0,0.3838383838383838
912,0,741,9.0,3.1708,892,913,8,1.0,186,3,1,1,1,3,1,0,2,1,0.3838383838383838
913,1,815,36.99411764705882,31.6833,385,914,13,2.0,186,1,5,3,0,2,0,0,2,0,0.3838383838383838
914,0,814,21.0,61.3792,1274,915,12,1.0,186,1,0,3,1,3,4,0,0,1,0.3838383838383838
915,1,824,48.0,262.375,1039,916,13,2.0,47,1,0,3,4,1,2,1,0,3,0.3838383838383838
916,0,735,50.0,14.5,1011,917,12,1.0,186,3,3,1,1,3,2,1,2,0,0.3838383838383838
917,1,39,22.0,61.9792,906,918,9,2.0,34,1,0,3,1,3,4,0,0,1,0.3838383838383838
918,0,293,22.5,7.225,288,919,12,1.0,186,3,1,1,0,2,4,0,0,0,0.3838383838383838
919,0,32,41.0,30.5,151,920,12,1.0,7,1,5,3,0,2,0,0,2,0,0.3838383838383838
920,0,256,32.25215146299484,21.6792,1063,921,12,1.0,186,3,4,1,2,3,0,2,0,0,0.3838383838383838
921,0,856,50.0,26.0,725,922,12,1.0,186,2,5,2,1,3,2,1,2,0,0.3838383838383838
922,0,759,24.0,31.5,585,923,12,1.0,186,2,5,2,2,3,4,2,2,0,0.3838383838383838
923,1,750,33.0,20.575,318,924,13,2.0,186,3,4,1,3,3,0,1,2,2,0.3838383838383838
924,1,923,36.99411764705882,23.45,609,925,13,2.0,186,3,4,1,3,3,0,1,2,2,0.3838383838383838
925,0,91,30.0,57.75,807,926,12,1.0,102,1,0,3,1,3,0,1,0,0,0.3838383838383838
926,0,277,18.5,7.2292,630,927,12,1.0,186,3,1,1,0,2,4,0,0,0,0.3838383838383838
927,1,406,21.774238095238097,8.05,1025,928,9,2.0,186,3,3,1,0,2,4,0,2,0,0.3838383838383838
928,1,351,21.0,8.6625,178,929,9,2.0,186,3,3,1,0,2,4,0,2,0,0.3838383838383838
929,0,421,25.0,9.5,1069,930,12,1.0,186,3,3,1,0,2,0,0,2,0,0.3838383838383838
930,0,104,32.25215146299484,56.4958,521,931,12,1.0,186,3,0,1,0,2,0,0,2,0,0.3838383838383838
931,0,539,39.0,13.4167,628,932,12,1.0,186,3,3,1,1,3,0,0,0,1,0.3838383838383838
932,0,47,32.25215146299484,26.55,411,933,12,1.0,130,1,5,3,0,2,0,0,2,0,0.3838383838383838
933,0,873,41.0,7.85,452,934,12,1.0,186,3,1,1,0,2,0,0,2,0,0.3838383838383838
934,1,165,30.0,13.0,268,935,13,2.0,186,2,3,2,0,2,0,0,2,0,0.3838383838383838
935,1,72,45.0,52.5542,650,936,13,2.0,122,1,0,3,1,3,0,1,2,0,0.3838383838383838
936,0,907,25.0,7.925,944,937,12,1.0,186,3,1,1,0,2,0,0,2,0,0.3838383838383838
937,0,811,45.0,29.7,229,938,12,1.0,19,1,5,3,0,2,0,0,0,0,0.3838383838383838
938,0,640,32.25215146299484,7.75,1080,939,12,1.0,186,3,1,1,0,2,0,0,1,0,0.3838383838383838
939,1,81,60.0,76.2917,169,940,13,2.0,120,1,0,3,0,2,2,0,0,0,0.3838383838383838
940,1,769,36.0,15.9,275,941,13,2.0,186,3,3,1,2,3,0,0,2,2,0.3838383838383838
941,0,98,24.0,60.0,1116,942,12,1.0,83,1,0,3,1,3,4,1,2,0,0.3838383838383838
942,0,867,27.0,15.0333,976,943,12,1.0,186,2,3,2,0,2,0,0,0,0,0.3838383838383838
943,1,320,20.0,23.0,544,944,9,2.0,186,2,4,2,3,3,4,2,2,1,0.3838383838383838
944,1,123,28.0,263.0,402,945,9,2.0,80,1,0,3,5,1,0,3,2,2,0.3838383838383838
945,0,853,32.25215146299484,15.5792,752,946,12,1.0,186,2,3,2,0,2,0,0,0,0,0.3838383838383838
946,0,659,10.0,29.125,992,947,8,1.0,186,3,5,1,5,1,1,4,1,1,0.3838383838383838
947,0,513,35.0,7.8958,265,948,12,1.0,186,3,1,1,0,2,0,0,2,0,0.3838383838383838
948,0,480,25.0,7.65,5,949,12,1.0,178,3,1,1,0,2,0,0,2,0,0.3838383838383838
949,0,665,32.25215146299484,16.1,312,950,12,1.0,186,3,4,1,1,3,0,1,2,0,0.3838383838383838
950,1,824,36.0,262.375,227,951,9,2.0,49,1,0,3,0,2,0,0,0,0,0.3838383838383838
951,0,515,17.0,7.8958,329,952,12,1.0,186,3,1,1,0,2,4,0,2,0,0.3838383838383838
952,0,164,32.0,13.5,772,953,12,1.0,186,2,3,2,0,2,0,0,2,0,0.3838383838383838
953,0,466,18.0,7.75,128,954,12,1.0,186,3,1,1,0,2,4,0,2,0,0.3838383838383838
954,1,393,22.0,7.725,149,955,9,2.0,186,3,1,1,0,2,4,0,1,0,0.3838383838383838
955,0,824,13.0,262.375,1035,956,8,1.0,47,1,0,3,4,1,4,2,0,2,0.3838383838383838
956,1,784,36.99411764705882,21.0,269,957,13,2.0,186,2,4,2,0,2,0,0,2,0,0.3838383838383838
957,1,386,18.0,7.8792,172,958,9,2.0,186,3,1,1,0,2,4,0,1,0,0.3838383838383838
958,0,61,47.0,42.4,814,959,12,1.0,186,1,0,3,0,2,2,0,2,0,0.3838383838383838
959,0,227,31.0,28.5375,1199,960,12,1.0,93,1,5,3,0,2,0,0,0,0,0.3838383838383838
960,1,123,60.0,263.0,406,961,13,2.0,80,1,0,3,5,1,2,1,2,4,0.3838383838383838
961,1,660,24.0,7.75,831,962,9,2.0,186,3,1,1,0,2,4,0,1,0,0.3838383838383838
962,0,494,21.0,7.8958,803,963,12,1.0,186,3,1,1,0,2,4,0,2,0,0.3838383838383838
963,1,337,29.0,7.925,863,964,9,2.0,186,3,1,1,0,2,0,0,2,0,0.3838383838383838
964,0,801,28.5,27.7208,909,965,12,1.0,136,1,5,3,0,2,0,0,0,0,0.3838383838383838
965,1,37,35.0,211.5,432,966,9,2.0,75,1,0,3,0,2,0,0,0,0,0.3838383838383838
966,0,37,32.5,211.5,635,967,12,1.0,76,1,0,3,0,2,0,0,0,0,0.3838383838383838
967,0,578,32.25215146299484,8.05,796,968,12,1.0,186,3,3,1,0,2,0,0,2,0,0.3838383838383838
968,1,77,55.0,25.7,271,969,13,2.0,61,1,5,3,2,3,2,2,2,0,0.3838383838383838
969,0,213,30.0,13.0,16,970,12,1.0,186,2,3,2,0,2,0,0,2,0,0.3838383838383838
970,1,623,24.0,7.75,345,971,9,2.0,186,3,1,1,0,2,4,0,1,0,0.3838383838383838
971,0,273,6.0,15.2458,137,972,8,1.0,186,3,3,1,2,3,1,1,0,1,0.3838383838383838
972,0,797,67.0,221.7792,1150,973,12,1.0,95,1,0,3,1,3,3,1,2,0,0.3838383838383838
973,0,119,49.0,26.0,214,974,12,1.0,186,1,5,3,0,2,2,0,2,0,0.3838383838383838
974,0,521,32.25215146299484,7.8958,320,975,12,1.0,186,3,1,1,0,2,0,0,2,0,0.3838383838383838
975,0,183,32.25215146299484,10.7083,673,976,12,1.0,186,2,3,2,0,2,0,0,1,0,0.3838383838383838
976,0,254,32.25215146299484,14.4542,644,977,12,1.0,186,3,3,1,1,3,0,1,0,0,0.3838383838383838
977,1,372,27.0,7.8792,94,978,9,2.0,186,3,1,1,0,2,0,0,1,0,0.3838383838383838
978,1,712,18.0,8.05,82,979,9,2.0,186,3,3,1,0,2,4,0,2,0,0.3838383838383838
979,1,599,28.0,7.75,883,980,14,2.0,186,3,1,1,0,2,0,0,1,0,0.3838383838383838
980,0,318,2.0,23.0,1242,981,8,1.0,186,2,4,2,2,3,1,1,2,1,0.3838383838383838
981,1,449,22.0,13.9,359,982,13,2.0,186,3,3,1,1,3,4,1,2,0,0.3838383838383838
982,0,414,32.25215146299484,7.775,941,983,12,1.0,186,3,1,1,0,2,0,0,2,0,0.3838383838383838
983,1,779,27.0,52.0,303,984,13,2.0,51,1,0,3,3,3,0,1,2,2,0.3838383838383838
984,0,653,32.25215146299484,8.05,472,985,12,1.0,186,3,3,1,0,2,0,0,2,0,0.3838383838383838
985,0,99,25.0,26.0,124,986,12,1.0,186,1,5,3,0,2,0,0,0,0,0.3838383838383838
986,0,548,25.0,7.7958,1170,987,12,1.0,186,3,1,1,0,2,0,0,2,0,0.3838383838383838
987,1,118,76.0,78.85,217,988,13,2.0,87,1,0,3,1,3,3,1,2,0,0.3838383838383838
988,0,897,29.0,7.925,745,989,12,1.0,186,3,1,1,0,2,0,0,2,0,0.3838383838383838
989,1,476,20.0,7.8542,152,990,9,2.0,186,3,1,1,0,2,4,0,2,0,0.3838383838383838
990,0,708,33.0,8.05,843,991,12,1.0,186,3,3,1,0,2,0,0,2,0,0.3838383838383838
991,1,80,43.0,55.4417,1141,992,13,2.0,68,1,0,3,1,3,0,1,0,0,0.3838383838383838
992,0,143,27.0,26.0,1240,993,12,1.0,186,2,5,2,1,3,0,1,2,0,0.3838383838383838
993,0,604,32.25215146299484,7.75,392,994,12,1.0,186,3,1,1,0,2,0,0,1,0,0.3838383838383838
994,0,447,26.0,7.775,595,995,12,1.0,186,3,1,1,0,2,0,0,2,0,0.3838383838383838
995,1,233,16.0,8.5167,1179,996,13,2.0,186,3,3,1,2,3,4,1,0,1,0.3838383838383838
996,0,743,28.0,22.525,553,997,12,1.0,186,3,4,1,0,2,0,0,2,0,0.3838383838383838
997,0,378,21.0,7.8208,168,998,12,1.0,186,3,1,1,0,2,4,0,1,0,0.3838383838383838
998,0,663,32.25215146299484,7.75,1033,999,12,1.0,186,3,1,1,0,2,0,0,1,0,0.3838383838383838
999,0,400,32.25215146299484,8.7125,1268,1000,12,1.0,186,3,3,1,0,2,0,0,2,0,0.3838383838383838
1000,0,210,18.5,13.0,1162,1001,12,1.0,174,2,3,2,0,2,4,0,2,0,0.3838383838383838
1001,0,172,41.0,15.0458,1138,1002,12,1.0,186,2,3,2,0,2,0,0,0,0,0.3838383838383838
1002,1,387,21.774238095238097,7.7792,1084,1003,9,2.0,186,3,1,1,0,2,4,0,1,0,0.3838383838383838
1003,1,799,36.0,31.6792,375,1004,9,2.0,11,1,5,3,0,2,0,0,0,0,0.3838383838383838
1004,1,371,18.5,7.2833,167,1005,9,2.0,186,3,1,1,0,2,4,0,1,0,0.3838383838383838
1005,1,797,63.0,221.7792,1151,1006,13,2.0,95,1,0,3,1,3,3,1,2,0,0.3838383838383838
1006,0,275,18.0,14.4542,237,1007,12,1.0,186,3,3,1,1,3,4,1,0,0,0.3838383838383838
1007,0,276,32.25215146299484,6.4375,1177,1008,12,1.0,186,3,1,1,0,2,0,0,0,0,0.3838383838383838
1008,1,839,1.0,16.7,1066,1009,9,2.0,184,3,4,1,2,3,1,1,2,1,0.3838383838383838
1009,0,88,36.0,75.2417,103,1010,12,1.0,96,1,0,3,0,2,0,0,0,0,0.3838383838383838
1010,1,855,29.0,26.0,225,1011,13,2.0,186,2,5,2,1,3,0,1,2,0,0.3838383838383838
1011,1,764,12.0,15.75,1235,1012,9,2.0,186,2,3,2,0,2,1,0,2,0,0.3838383838383838
1012,0,609,32.25215146299484,7.75,646,1013,12,1.0,186,3,1,1,1,3,0,1,1,0,0.3838383838383838
1013,1,91,35.0,57.75,1073,1014,13,2.0,81,1,0,3,1,3,0,1,0,0,0.3838383838383838
1014,0,668,28.0,7.25,213,1015,12,1.0,186,3,1,1,0,2,0,0,2,0,0.3838383838383838
1015,0,625,32.25215146299484,7.75,640,1016,12,1.0,186,3,1,1,0,2,0,0,1,0,0.3838383838383838
1016,1,647,17.0,16.1,279,1017,9,2.0,186,3,4,1,1,3,4,0,2,1,0.3838383838383838
1017,0,554,22.0,7.7958,157,1018,12,1.0,186,3,1,1,0,2,4,0,2,0,0.3838383838383838
1018,1,608,21.774238095238097,23.25,770,1019,9,2.0,186,3,4,1,2,3,4,2,1,0,0.3838383838383838
1019,0,129,42.0,13.0,146,1020,12,1.0,186,2,3,2,0,2,0,0,2,0,0.3838383838383838
1020,0,404,24.0,8.05,957,1021,12,1.0,186,3,3,1,0,2,4,0,2,0,0.3838383838383838
1021,0,917,32.0,8.05,1132,1022,12,1.0,186,3,3,1,0,2,0,0,2,0,0.3838383838383838
1022,0,48,53.0,28.5,463,1023,1,1.0,91,1,5,3,0,2,2,0,0,0,0.3838383838383838
1023,1,671,36.99411764705882,25.4667,691,1024,13,2.0,186,3,5,1,4,1,0,0,2,4,0.3838383838383838
1024,0,229,32.25215146299484,6.4375,1176,1025,12,1.0,186,3,1,1,1,3,0,1,0,0,0.3838383838383838
1025,0,509,43.0,7.8958,331,1026,12,1.0,186,3,1,1,0,2,0,0,2,0,0.3838383838383838
1026,0,569,24.0,7.8542,201,1027,12,1.0,186,3,1,1,0,2,4,0,2,0,0.3838383838383838
1027,0,250,26.5,7.225,1293,1028,12,1.0,186,3,1,1,0,2,0,0,0,0,0.3838383838383838
1028,0,202,26.0,13.0,1074,1029,12,1.0,186,2,3,2,0,2,0,0,2,0,0.3838383838383838
1029,1,893,23.0,8.05,346,1030,9,2.0,186,3,3,1,0,2,4,0,2,0,0.3838383838383838
1030,0,775,40.0,46.9,461,1031,12,1.0,186,3,0,1,7,0,0,1,2,6,0.3838383838383838
1031,1,775,10.0,46.9,458,1032,9,2.0,186,3,0,1,7,0,1,5,2,2,0.3838383838383838
1032,1,49,33.0,151.55,299,1033,9,2.0,186,1,0,3,0,2,0,0,2,0,0.3838383838383838
1033,0,824,61.0,262.375,1038,1034,12,1.0,47,1,0,3,4,1,3,1,0,3,0.3838383838383838
1034,0,196,28.0,26.0,104,1035,12,1.0,186,2,5,2,0,2,0,0,2,0,0.3838383838383838
1035,0,114,42.0,26.55,708,1036,12,1.0,186,1,5,3,0,2,0,0,2,0,0.3838383838383838
1036,0,417,31.0,18.0,1215,1037,12,1.0,186,3,4,1,3,3,0,3,2,0,0.3838383838383838
1037,0,109,32.25215146299484,51.8625,537,1038,12,1.0,163,1,0,3,0,2,0,0,2,0,0.3838383838383838
1038,0,854,22.0,8.05,307,1039,12,1.0,186,3,3,1,0,2,4,0,2,0,0.3838383838383838
1039,0,57,32.25215146299484,26.55,277,1040,12,1.0,186,1,5,3,0,2,0,0,2,0,0.3838383838383838
1040,0,223,30.0,26.0,668,1041,15,0.0,186,2,5,2,2,3,0,1,2,1,0.3838383838383838
1041,1,75,23.0,83.1583,360,1042,13,2.0,94,1,0,3,1,3,4,0,0,1,0.3838383838383838
1042,0,538,32.25215146299484,7.8958,761,1043,12,1.0,186,3,1,1,0,2,0,0,0,0,0.3838383838383838
1043,0,631,60.5,14.4542,1146,1044,12,1.0,186,3,3,1,0,2,3,0,2,0,0.3838383838383838
1044,1,565,36.0,12.1833,660,1045,13,2.0,186,3,3,1,2,3,0,0,2,2,0.3838383838383838
1045,0,454,13.0,31.3875,60,1046,8,1.0,186,3,5,1,6,2,4,4,2,2,0.3838383838383838
1046,0,846,24.0,7.55,355,1047,12,1.0,186,3,1,1,0,2,4,0,2,0,0.3838383838383838
1047,1,797,29.0,221.7792,122,1048,9,2.0,115,1,0,3,0,2,0,0,2,0,0.3838383838383838
1048,1,474,23.0,7.8542,730,1049,9,2.0,186,3,1,1,0,2,4,0,2,0,0.3838383838383838
1049,0,4,42.0,26.55,134,1050,12,1.0,125,1,5,3,0,2,0,0,2,0,0.3838383838383838
1050,1,883,26.0,13.775,937,1051,13,2.0,186,3,3,1,2,3,0,0,2,2,0.3838383838383838
1051,1,396,21.774238095238097,7.7333,1120,1052,9,2.0,186,3,1,1,0,2,4,0,1,0,0.3838383838383838
1052,0,244,7.0,15.2458,1193,1053,8,1.0,186,3,3,1,2,3,1,1,0,1,0.3838383838383838
1053,1,137,26.0,13.5,1282,1054,9,2.0,186,2,3,2,0,2,0,0,2,0,0.3838383838383838
1054,0,410,32.25215146299484,7.0,938,1055,12,1.0,186,3,1,1,0,2,0,0,2,0,0.3838383838383838
1055,0,166,41.0,13.0,952,1056,15,0.0,186,2,3,2,0,2,0,0,2,0,0.3838383838383838
1056,1,365,26.0,22.025,655,1057,13,2.0,186,3,4,1,2,3,0,1,2,1,0.3838383838383838
1057,0,808,48.0,50.4958,153,1058,12,1.0,20,1,0,3,0,2,2,0,0,0,0.3838383838383838
1058,0,924,18.0,34.375,397,1059,12,1.0,186,3,0,1,4,1,4,2,2,2,0.3838383838383838
1059,1,117,36.99411764705882,27.7208,215,1060,13,2.0,186,1,5,3,0,2,0,0,0,0,0.3838383838383838
1060,1,696,22.0,8.9625,525,1061,9,2.0,186,3,3,1,0,2,4,0,2,0,0.3838383838383838
1061,0,843,32.25215146299484,7.55,718,1062,12,1.0,186,3,1,1,0,2,0,0,2,0,0.3838383838383838
1062,0,264,27.0,7.225,1294,1063,12,1.0,186,3,1,1,0,2,0,0,0,0,0.3838383838383838
1063,0,449,23.0,13.9,358,1064,12,1.0,186,3,3,1,1,3,4,1,2,0,0.3838383838383838
1064,0,268,32.25215146299484,7.2292,1190,1065,12,1.0,186,3,1,1,0,2,0,0,0,0,0.3838383838383838
1065,0,454,40.0,31.3875,62,1066,12,1.0,186,3,5,1,6,2,0,1,2,5,0.3838383838383838
1066,1,325,15.0,39.0,160,1067,9,2.0,186,2,0,2,2,3,4,0,2,2,0.3838383838383838
1067,1,763,20.0,36.75,1093,1068,9,2.0,186,2,0,2,0,2,4,0,2,0,0.3838383838383838
1068,0,80,54.0,55.4417,1140,1069,12,1.0,68,1,0,3,1,3,2,1,0,0,0.3838383838383838
1069,1,146,36.0,39.0,109,1070,13,2.0,183,2,0,2,3,3,0,0,2,3,0.3838383838383838
1070,1,832,64.0,83.1583,258,1071,13,2.0,162,1,0,3,2,3,3,0,0,2,0.3838383838383838
1071,0,151,30.0,13.0,773,1072,12,1.0,186,2,3,2,0,2,0,0,2,0,0.3838383838383838
1072,0,832,37.0,83.1583,257,1073,12,1.0,166,1,0,3,2,3,0,1,0,1,0.3838383838383838
1073,1,45,18.0,53.1,759,1074,13,2.0,128,1,0,3,1,3,4,1,2,0,0.3838383838383838
1074,0,700,32.25215146299484,7.75,675,1075,12,1.0,186,3,1,1,0,2,0,0,1,0,0.3838383838383838
1075,1,800,27.0,247.5208,341,1076,13,2.0,48,1,0,3,2,3,0,1,0,1,0.3838383838383838
1076,0,177,40.0,16.0,763,1077,12,1.0,186,2,3,2,0,2,0,0,2,0,0.3838383838383838
1077,1,842,21.0,21.0,964,1078,9,2.0,186,2,4,2,1,3,4,0,2,1,0.3838383838383838
1078,0,715,17.0,8.05,309,1079,12,1.0,186,3,3,1,2,3,4,2,2,0,0.3838383838383838
1079,1,778,21.774238095238097,69.55,1049,1080,9,2.0,186,3,0,1,10,0,4,8,2,2,0.3838383838383838
1080,0,306,40.0,13.0,1219,1081,12,1.0,186,2,3,2,0,2,0,0,2,0,0.3838383838383838
1081,0,142,34.0,26.0,48,1082,12,1.0,186,2,5,2,1,3,0,1,2,0,0.3838383838383838
1082,0,7,32.25215146299484,26.0,1061,1083,12,1.0,186,1,5,3,0,2,0,0,2,0,0.3838383838383838
1083,0,736,11.5,14.5,1304,1084,8,1.0,186,3,3,1,2,3,1,1,2,1,0.3838383838383838
1084,0,159,61.0,12.35,717,1085,12,1.0,186,2,3,2,0,2,3,0,1,0,0.3838383838383838
1085,0,305,8.0,32.5,348,1086,8,1.0,186,2,0,2,2,3,1,0,2,2,0.3838383838383838
1086,0,470,33.0,7.8542,624,1087,12,1.0,186,3,1,1,0,2,0,0,2,0,0.3838383838383838
1087,0,105,6.0,134.5,1127,1088,8,1.0,156,1,0,3,2,3,1,0,0,2,0.3838383838383838
1088,1,443,18.0,7.775,865,1089,9,2.0,186,3,1,1,0,2,4,0,2,0,0.3838383838383838
1089,0,760,23.0,10.5,85,1090,12,1.0,186,2,3,2,0,2,4,0,2,0,0.3838383838383838
1090,1,682,36.99411764705882,8.1125,981,1091,13,2.0,186,3,3,1,0,2,0,0,2,0,0.3838383838383838
1091,1,606,21.774238095238097,15.5,835,1092,9,2.0,186,3,3,1,0,2,4,0,1,0,0.3838383838383838
1092,0,457,0.33,14.4,295,1093,8,1.0,186,3,3,1,2,3,1,0,2,2,0.3838383838383838
1093,0,833,47.0,227.525,68,1094,1,1.0,97,1,0,3,1,3,2,1,0,0,0.3838383838383838
1094,1,239,8.0,26.0,978,1095,9,2.0,186,2,5,2,2,3,1,1,2,1,0.3838383838383838
1095,0,765,25.0,10.5,44,1096,12,1.0,186,2,3,2,0,2,0,0,2,0,0.3838383838383838
1096,0,780,32.25215146299484,25.7417,900,1097,12,1.0,186,1,5,3,0,2,0,0,0,0,0.3838383838383838
1097,1,703,35.0,7.75,779,1098,9,2.0,186,3,1,1,0,2,0,0,1,0,0.3838383838383838
1098,0,300,24.0,10.5,251,1099,12,1.0,186,2,3,2,0,2,4,0,2,0,0.3838383838383838
1099,1,829,33.0,27.7208,1022,1100,9,2.0,1,1,5,3,0,2,0,0,0,0,0.3838383838383838
1100,0,533,25.0,7.8958,319,1101,12,1.0,186,3,1,1,0,2,0,0,2,0,0.3838383838383838
1101,0,743,32.0,22.525,28,1102,12,1.0,186,3,4,1,0,2,0,0,2,0,0.3838383838383838
1102,0,877,32.25215146299484,7.05,383,1103,12,1.0,186,3,1,1,0,2,0,0,2,0,0.3838383838383838
1103,0,847,17.0,73.5,314,1104,12,1.0,186,2,0,2,0,2,4,0,2,0,0.3838383838383838
1104,1,185,60.0,26.0,563,1105,13,2.0,186,2,5,2,1,3,2,1,2,0,0.3838383838383838
1105,1,467,38.0,7.775,35,1106,9,2.0,186,3,1,1,6,2,0,4,2,2,0.3838383838383838
1106,0,27,42.0,42.5,518,1107,12,1.0,23,1,0,3,0,2,0,0,2,0,0.3838383838383838
1107,1,380,21.774238095238097,7.8792,741,1108,9,2.0,186,3,1,1,0,2,4,0,1,0,0.3838383838383838
1108,0,626,57.0,164.8667,1257,1109,12,1.0,186,1,0,3,2,3,2,1,2,1,0.3838383838383838
1109,1,37,50.0,211.5,1262,1110,13,2.0,103,1,0,3,2,3,2,1,0,1,0.3838383838383838
1110,0,367,32.25215146299484,8.05,1180,1111,12,1.0,186,3,3,1,0,2,0,0,2,0,0.3838383838383838
1111,1,862,30.0,13.8583,357,1112,9,2.0,186,2,3,2,1,3,0,1,0,0,0.3838383838383838
1112,0,405,21.0,8.05,990,1113,12,1.0,186,3,3,1,0,2,4,0,2,0,0.3838383838383838
1113,1,922,22.0,10.5,264,1114,13,2.0,181,2,3,2,0,2,4,0,2,0,0.3838383838383838
1114,0,560,21.0,7.7958,623,1115,12,1.0,186,3,1,1,0,2,4,0,2,0,0.3838383838383838
1115,1,822,53.0,27.4458,193,1116,13,2.0,186,1,5,3,0,2,2,0,0,0,0.3838383838383838
1116,1,255,36.99411764705882,15.2458,826,1117,13,2.0,186,3,3,1,2,3,0,0,0,2,0.3838383838383838
1117,0,561,23.0,7.7958,63,1118,12,1.0,186,3,1,1,0,2,4,0,2,0,0.3838383838383838
1118,1,634,21.774238095238097,7.75,784,1119,9,2.0,186,3,1,1,0,2,4,0,1,0,0.3838383838383838
1119,0,773,40.5,15.1,376,1120,12,1.0,186,3,3,1,0,2,0,0,2,0,0.3838383838383838
1120,0,188,36.0,13.0,546,1121,12,1.0,186,2,3,2,0,2,0,0,2,0,0.3838383838383838
1121,0,138,14.0,65.0,1163,1122,12,1.0,186,2,0,2,0,2,4,0,2,0,0.3838383838383838
1122,1,60,21.0,26.55,1267,1123,9,2.0,186,1,5,3,0,2,4,0,2,0,0.3838383838383838
1123,0,329,21.0,6.4958,1264,1124,12,1.0,186,3,1,1,1,3,4,1,2,0,0.3838383838383838
1124,0,388,32.25215146299484,7.8792,713,1125,12,1.0,186,3,1,1,0,2,0,0,1,0,0.3838383838383838
1125,0,816,39.0,71.2833,285,1126,12,1.0,106,1,0,3,1,3,0,1,0,0,0.3838383838383838
1126,0,571,20.0,7.8542,1220,1127,12,1.0,186,3,1,1,0,2,4,0,2,0,0.3838383838383838
1127,0,6,64.0,75.25,1232,1128,12,1.0,133,1,0,3,1,3,3,1,0,0,0.3838383838383838
1128,0,274,20.0,7.225,75,1129,12,1.0,186,3,1,1,0,2,4,0,0,0,0.3838383838383838
1129,1,222,18.0,13.0,538,1130,9,2.0,186,2,3,2,2,3,4,1,2,1,0.3838383838383838
1130,1,837,48.0,106.425,342,1131,13,2.0,107,1,0,3,1,3,2,1,0,0,0.3838383838383838
1131,1,22,55.0,27.7208,712,1132,13,2.0,186,1,5,3,0,2,2,0,0,0,0.3838383838383838
1132,1,175,45.0,30.0,235,1133,13,2.0,186,2,5,2,2,3,0,0,2,2,0.3838383838383838
1133,0,105,45.0,134.5,1128,1134,12,1.0,156,1,0,3,2,3,0,1,0,1,0.3838383838383838
1134,0,435,32.25215146299484,7.8875,569,1135,12,1.0,186,3,1,1,0,2,0,0,2,0,0.3838383838383838
1135,0,923,5.482641509433963,23.45,606,1136,8,1.0,186,3,4,1,3,3,1,1,2,2,0.3838383838383838
1136,0,110,41.0,51.8625,642,1137,12,1.0,124,1,0,3,1,3,0,1,2,0,0.3838383838383838
1137,1,784,22.0,21.0,626,1138,13,2.0,186,2,4,2,0,2,4,0,2,0,0.3838383838383838
1138,0,305,42.0,32.5,349,1139,12,1.0,186,2,0,2,2,3,0,1,2,1,0.3838383838383838
1139,1,265,29.0,26.0,551,1140,13,2.0,186,2,5,2,1,3,0,1,2,0,0.3838383838383838
1140,1,254,36.99411764705882,14.4542,645,1141,13,2.0,186,3,3,1,1,3,0,1,0,0,0.3838383838383838
1141,1,768,0.92,27.75,1246,1142,9,2.0,186,2,5,2,3,3,1,1,2,2,0.3838383838383838
1142,0,887,20.0,7.925,8,1143,12,1.0,186,3,1,1,0,2,4,0,2,0,0.3838383838383838
1143,0,94,27.0,136.7792,238,1144,12,1.0,109,1,0,3,1,3,0,1,0,0,0.3838383838383838
1144,0,689,24.0,9.325,1059,1145,12,1.0,186,3,3,1,0,2,4,0,2,0,0.3838383838383838
1145,0,427,32.5,9.5,1245,1146,12,1.0,186,3,3,1,0,2,0,0,2,0,0.3838383838383838
1146,0,770,32.25215146299484,7.55,734,1147,12,1.0,186,3,1,1,0,2,0,0,2,0,0.3838383838383838
1147,0,740,32.25215146299484,7.75,742,1148,12,1.0,186,3,1,1,0,2,0,0,1,0,0.3838383838383838
1148,0,586,28.0,8.05,864,1149,12,1.0,186,3,3,1,0,2,0,0,2,0,0.3838383838383838
1149,1,309,19.0,13.0,115,1150,9,2.0,186,2,3,2,0,2,4,0,2,0,0.3838383838383838
1150,0,415,21.0,7.775,795,1151,12,1.0,186,3,1,1,0,2,4,0,2,0,0.3838383838383838
1151,0,416,36.5,17.4,1297,1152,12,1.0,186,3,4,1,1,3,0,1,2,0,0.3838383838383838
1152,0,570,21.0,7.8542,867,1153,12,1.0,186,3,1,1,0,2,4,0,2,0,0.3838383838383838
1153,1,318,29.0,23.0,1244,1154,13,2.0,186,2,4,2,2,3,0,0,2,2,0.3838383838383838
1154,1,565,1.0,12.1833,658,1155,9,2.0,186,3,3,1,2,3,1,1,2,1,0.3838383838383838
1155,0,767,30.0,12.7375,973,1156,12,1.0,186,2,3,2,0,2,0,0,0,0,0.3838383838383838
1156,0,518,32.25215146299484,7.8958,733,1157,12,1.0,186,3,1,1,0,2,0,0,2,0,0.3838383838383838
1157,0,16,32.25215146299484,0.0,232,1158,12,1.0,186,1,2,3,0,2,0,0,2,0,0.3838383838383838
1158,0,771,32.25215146299484,7.55,1231,1159,12,1.0,186,3,1,1,0,2,0,0,2,0,0.3838383838383838
1159,1,705,21.774238095238097,8.05,561,1160,9,2.0,186,3,3,1,0,2,4,0,2,0,0.3838383838383838
1160,0,359,17.0,8.6625,970,1161,12,1.0,186,3,3,1,0,2,4,0,2,0,0.3838383838383838
1161,0,88,46.0,75.2417,765,1162,12,1.0,96,1,0,3,0,2,2,0,0,0,0.3838383838383838
1162,0,619,32.25215146299484,7.75,407,1163,12,1.0,186,3,1,1,0,2,0,0,1,0,0.3838383838383838
1163,1,94,26.0,136.7792,239,1164,13,2.0,109,1,0,3,1,3,0,1,0,0,0.3838383838383838
1164,1,637,21.774238095238097,15.5,697,1165,9,2.0,186,3,3,1,1,3,4,1,1,0,0.3838383838383838
1165,0,271,32.25215146299484,7.225,1042,1166,12,1.0,186,3,1,1,0,2,0,0,0,0,0.3838383838383838
1166,1,162,20.0,26.0,165,1167,9,2.0,186,2,5,2,1,3,4,1,2,0,0.3838383838383838
1167,0,851,28.0,10.5,925,1168,12,1.0,186,2,3,2,0,2,0,0,2,0,0.3838383838383838
1168,0,324,40.0,26.0,380,1169,12,1.0,186,2,5,2,1,3,0,1,2,0,0.3838383838383838
1169,0,776,30.0,21.0,1228,1170,12,1.0,186,2,4,2,1,3,0,1,2,0,0.3838383838383838
1170,0,920,22.0,10.5,910,1171,12,1.0,186,2,3,2,0,2,4,0,2,0,0.3838383838383838
1171,1,349,23.0,8.6625,901,1172,9,2.0,186,3,3,1,0,2,4,0,2,0,0.3838383838383838
1172,0,883,0.75,13.775,935,1173,8,1.0,186,3,3,1,2,3,1,1,2,1,0.3838383838383838
1173,1,601,21.774238095238097,7.75,386,1174,9,2.0,186,3,1,1,0,2,4,0,1,0,0.3838383838383838
1174,1,244,9.0,15.2458,1194,1175,9,2.0,186,3,3,1,2,3,1,1,0,1,0.3838383838383838
1175,1,632,2.0,20.2125,1019,1176,9,2.0,186,3,4,1,2,3,1,1,2,1,0.3838383838383838
1176,0,724,36.0,7.25,324,1177,12,1.0,186,3,1,1,0,2,0,0,2,0,0.3838383838383838
1177,0,882,32.25215146299484,7.25,410,1178,12,1.0,186,3,1,1,0,2,0,0,2,0,0.3838383838383838
1178,0,131,24.0,82.2667,1121,1179,12,1.0,41,1,0,3,1,3,4,1,2,0,0.3838383838383838
1179,0,249,32.25215146299484,7.2292,754,1180,12,1.0,175,3,1,1,0,2,0,0,0,0,0.3838383838383838
1180,0,719,32.25215146299484,8.05,396,1181,12,1.0,186,3,3,1,0,2,0,0,2,0,0.3838383838383838
1181,0,823,32.25215146299484,39.6,991,1182,12,1.0,186,1,0,3,0,2,0,0,2,0,0.3838383838383838
1182,1,657,30.0,6.95,292,1183,9,2.0,186,3,1,1,0,2,0,0,1,0,0.3838383838383838
1183,0,246,32.25215146299484,7.2292,845,1184,12,1.0,186,3,1,1,0,2,0,0,0,0,0.3838383838383838
1184,0,398,53.0,81.8583,332,1185,4,1.3489623366641046,14,1,0,3,2,3,2,1,2,1,0.3838383838383838
1185,0,424,36.0,9.5,1280,1186,12,1.0,186,3,3,1,0,2,0,0,2,0,0.3838383838383838
1186,0,485,26.0,7.8958,47,1187,12,1.0,186,3,1,1,0,2,0,0,2,0,0.3838383838383838
1187,1,868,1.0,41.5792,677,1188,9,2.0,186,2,0,2,3,3,1,1,0,2,0.3838383838383838
1188,0,256,32.25215146299484,21.6792,1064,1189,12,1.0,186,3,4,1,2,3,0,2,0,0,0.3838383838383838
1189,0,64,30.0,45.5,724,1190,12,1.0,186,1,0,3,0,2,0,0,2,0,0.3838383838383838
1190,0,472,29.0,7.8542,599,1191,12,1.0,186,3,1,1,0,2,0,0,2,0,0.3838383838383838
1191,0,456,32.0,7.775,898,1192,12,1.0,186,3,1,1,0,2,0,0,2,0,0.3838383838383838
1192,0,173,32.25215146299484,15.0458,746,1193,12,1.0,117,2,3,2,0,2,0,0,0,0,0.3838383838383838
1193,0,842,43.0,21.0,966,1194,12,1.0,186,2,4,2,1,3,0,0,2,1,0.3838383838383838
1194,0,356,24.0,8.6625,971,1195,12,1.0,186,3,3,1,0,2,4,0,2,0,0.3838383838383838
1195,1,662,21.774238095238097,7.75,766,1196,9,2.0,186,3,1,1,0,2,4,0,1,0,0.3838383838383838
1196,1,25,64.0,26.55,283,1197,13,2.0,29,1,5,3,2,3,3,1,2,1,0.3838383838383838
1197,0,49,30.0,151.55,25,1198,12,1.0,79,1,0,3,3,3,0,1,2,2,0.3838383838383838
1198,0,666,0.83,9.35,13,1199,8,1.0,186,3,3,1,1,3,1,0,2,1,0.3838383838383838
1199,0,86,55.0,93.5,516,1200,12,1.0,50,1,0,3,2,3,2,1,2,1,0.3838383838383838
1200,1,546,45.0,14.1083,492,1201,13,2.0,186,3,3,1,1,3,0,1,2,0,0.3838383838383838
1201,0,355,18.0,8.6625,180,1202,12,1.0,186,3,3,1,0,2,4,0,2,0,0.3838383838383838
1202,0,252,22.0,7.225,1218,1203,12,1.0,186,3,1,1,0,2,4,0,0,0,0.3838383838383838
1203,0,788,32.25215146299484,7.575,1045,1204,12,1.0,186,3,1,1,0,2,0,0,2,0,0.3838383838383838
1204,1,617,37.0,7.75,204,1205,9,2.0,186,3,1,1,0,2,0,0,1,0,0.3838383838383838
1205,1,836,55.0,135.6333,1255,1206,13,2.0,84,1,0,3,0,2,2,0,0,0,0.3838383838383838
1206,1,739,17.0,7.7333,479,1207,9,2.0,186,3,1,1,0,2,4,0,1,0,0.3838383838383838
1207,0,802,57.0,146.5208,1130,1208,12,1.0,54,1,0,3,1,3,2,1,0,0,0.3838383838383838
1208,0,299,19.0,10.5,1014,1209,12,1.0,186,2,3,2,0,2,4,0,2,0,0.3838383838383838
1209,0,568,27.0,7.8542,613,1210,12,1.0,186,3,1,1,0,2,0,0,2,0,0.3838383838383838
1210,0,759,22.0,31.5,586,1211,12,1.0,186,2,5,2,2,3,4,2,2,0,0.3838383838383838
1211,0,452,26.0,7.775,40,1212,12,1.0,186,3,1,1,0,2,0,0,2,0,0.3838383838383838
1212,0,248,25.0,7.2292,663,1213,12,1.0,176,3,1,1,0,2,0,0,0,0,0.3838383838383838
1213,0,200,26.0,13.0,854,1214,12,1.0,180,2,3,2,0,2,0,0,2,0,0.3838383838383838
1214,0,56,33.0,26.55,1030,1215,12,1.0,186,1,5,3,0,2,0,0,2,0,0.3838383838383838
1215,1,187,39.0,211.3375,664,1216,9,2.0,186,1,0,3,0,2,0,0,2,0,0.3838383838383838
1216,0,878,23.0,7.05,67,1217,12,1.0,186,3,1,1,0,2,4,0,2,0,0.3838383838383838
1217,1,146,12.0,39.0,108,1218,9,2.0,183,2,0,2,3,3,1,2,2,1,0.3838383838383838
1218,0,806,46.0,79.2,1023,1219,12,1.0,186,1,0,3,0,2,2,0,0,0,0.3838383838383838
1219,0,128,29.0,26.0,240,1220,12,1.0,186,2,5,2,1,3,0,1,2,0,0.3838383838383838
1220,0,163,21.0,13.0,372,1221,12,1.0,186,2,3,2,0,2,4,0,2,0,0.3838383838383838
1221,1,763,48.0,36.75,310,1222,13,2.0,186,2,0,2,2,3,2,0,2,2,0.3838383838383838
1222,0,804,39.0,29.7,354,1223,12,1.0,4,1,5,3,0,2,0,0,0,0,0.3838383838383838
1223,0,279,32.25215146299484,7.225,1178,1224,12,1.0,186,3,1,1,0,2,0,0,0,0,0.3838383838383838
1224,1,247,19.0,15.7417,842,1225,13,2.0,186,3,3,1,2,3,4,1,0,1,0.3838383838383838
1225,0,512,27.0,7.8958,266,1226,12,1.0,186,3,1,1,0,2,0,0,2,0,0.3838383838383838
1226,0,3,30.0,26.0,740,1227,12,1.0,65,1,5,3,0,2,0,0,2,0,0.3838383838383838
1227,0,197,32.0,13.0,1296,1228,12,1.0,186,2,3,2,0,2,0,0,2,0,0.3838383838383838
1228,0,270,39.0,7.2292,366,1229,12,1.0,186,3,1,1,2,3,0,0,0,2,0.3838383838383838
1229,0,759,25.0,31.5,321,1230,12,1.0,186,2,5,2,0,2,0,0,2,0,0.3838383838383838
1230,0,230,5.482641509433963,7.2292,118,1231,8,1.0,186,3,1,1,0,2,1,0,0,0,0.3838383838383838
1231,0,747,18.0,10.5,382,1232,12,1.0,186,2,3,2,0,2,4,0,2,0,0.3838383838383838
1232,0,563,32.0,7.5792,731,1233,12,1.0,186,3,1,1,0,2,0,0,2,0,0.3838383838383838
1233,0,778,32.25215146299484,69.55,1056,1234,12,1.0,186,3,0,1,10,0,0,1,2,9,0.3838383838383838
1234,1,831,58.0,512.3292,199,1235,13,2.0,45,1,0,3,1,3,2,0,0,1,0.3838383838383838
1235,0,736,5.482641509433963,14.5,1303,1236,8,1.0,186,3,3,1,2,3,1,1,2,1,0.3838383838383838
1236,1,483,16.0,7.65,4,1237,9,2.0,186,3,1,1,0,2,4,0,2,0,0.3838383838383838
1237,0,170,26.0,13.0,136,1238,12,1.0,186,2,3,2,0,2,0,0,2,0,0.3838383838383838
1238,1,283,38.0,7.2292,1250,1239,13,2.0,186,3,1,1,0,2,0,0,0,0,0.3838383838383838
1239,0,206,24.0,13.5,440,1240,12,1.0,186,2,3,2,0,2,4,0,2,0,0.3838383838383838
1240,1,781,31.0,21.0,1224,1241,9,2.0,186,2,4,2,0,2,0,0,2,0,0.3838383838383838
1241,1,835,45.0,63.3583,470,1242,13,2.0,118,1,0,3,1,3,0,0,0,1,0.3838383838383838
1242,0,785,25.0,10.5,1144,1243,12,1.0,186,2,3,2,0,2,0,0,2,0,0.3838383838383838
1243,0,847,18.0,73.5,326,1244,12,1.0,186,2,0,2,0,2,4,0,2,0,0.3838383838383838
1244,0,138,49.0,65.0,531,1245,12,1.0,186,2,0,2,3,3,2,1,2,2,0.3838383838383838
1245,1,750,0.17,20.575,316,1246,9,2.0,186,3,4,1,3,3,1,1,2,2,0.3838383838383838
1246,0,29,50.0,26.0,614,1247,12,1.0,168,1,5,3,0,2,2,0,2,0,0.3838383838383838
1247,1,76,59.0,51.4792,163,1248,13,2.0,61,1,0,3,2,3,2,2,2,0,0.3838383838383838
1248,0,83,32.25215146299484,7.8792,721,1249,12,1.0,186,3,1,1,0,2,0,0,2,0,0.3838383838383838
1249,0,618,32.25215146299484,7.75,886,1250,12,1.0,186,3,1,1,0,2,0,0,1,0,0.3838383838383838
1250,1,542,30.0,15.55,710,1251,13,2.0,186,3,3,1,1,3,0,1,2,0,0.3838383838383838
1251,0,778,14.5,69.55,1048,1252,8,1.0,186,3,0,1,10,0,4,8,2,2,0.3838383838383838
1252,1,841,24.0,37.0042,749,1253,13,2.0,186,2,0,2,2,3,4,1,0,1,0.3838383838383838
1253,1,776,31.0,21.0,1230,1254,13,2.0,186,2,4,2,0,2,0,0,2,0,0.3838383838383838
1254,0,347,27.0,8.6625,1152,1255,12,1.0,186,3,3,1,0,2,0,0,2,0,0.3838383838383838
1255,1,74,25.0,55.4417,495,1256,13,2.0,165,1,0,3,1,3,0,1,0,0,0.3838383838383838
1256,1,778,36.99411764705882,69.55,1057,1257,13,2.0,186,3,0,1,10,0,0,1,2,9,0.3838383838383838
1257,0,284,32.25215146299484,14.4583,195,1258,12,1.0,186,3,3,1,1,3,0,1,0,0,0.3838383838383838
1258,1,335,22.0,39.6875,1003,1259,9,2.0,186,3,0,1,0,2,4,0,2,0,0.3838383838383838
1259,1,23,45.0,59.4,435,1260,13,2.0,186,1,0,3,1,3,0,0,0,1,0.3838383838383838
1260,0,861,29.0,13.8583,913,1261,12,1.0,186,2,3,2,0,2,0,0,0,0,0.3838383838383838
1261,0,301,21.0,11.5,438,1262,12,1.0,186,2,3,2,1,3,4,1,2,0,0.3838383838383838
1262,1,105,31.0,134.5,1276,1263,9,2.0,159,1,0,3,0,2,0,0,0,0,0.3838383838383838
1263,0,19,49.0,0.0,577,1264,12,1.0,46,1,2,3,0,2,2,0,2,0,0.3838383838383838
1264,0,214,44.0,13.0,493,1265,12,1.0,186,2,3,2,0,2,0,0,2,0,0.3838383838383838
1265,1,398,54.0,81.8583,334,1266,13,2.0,14,1,0,3,2,3,2,1,2,1,0.3838383838383838
1266,1,824,45.0,262.375,144,1267,9,2.0,186,1,0,3,0,2,0,0,0,0,0.3838383838383838
1267,1,364,22.0,8.6625,651,1268,9,2.0,186,3,3,1,2,3,4,2,2,0,0.3838383838383838
1268,0,322,21.0,11.5,272,1269,12,1.0,186,2,3,2,0,2,4,0,2,0,0.3838383838383838
1269,0,685,55.0,50.0,539,1270,12,1.0,85,1,0,3,0,2,2,0,2,0,0.3838383838383838
1270,0,454,5.0,31.3875,57,1271,8,1.0,186,3,5,1,6,2,1,4,2,2,0.3838383838383838
1271,0,607,32.25215146299484,7.75,882,1272,12,1.0,186,3,1,1,0,2,0,0,1,0,0.3838383838383838
1272,0,375,26.0,7.8792,391,1273,12,1.0,186,3,1,1,0,2,0,0,1,0,0.3838383838383838
1273,1,587,36.99411764705882,14.5,1008,1274,13,2.0,186,3,3,1,0,2,0,0,2,0,0.3838383838383838
1274,1,655,19.0,16.1,783,1275,13,2.0,186,3,4,1,1,3,4,1,2,0,0.3838383838383838
1275,0,864,32.25215146299484,12.875,1252,1276,12,1.0,186,2,3,2,0,2,0,0,2,0,0.3838383838383838
1276,1,138,24.0,65.0,530,1277,9,2.0,186,2,0,2,3,3,4,1,2,2,0.3838383838383838
1277,0,543,24.0,7.775,53,1278,12,1.0,186,3,1,1,0,2,4,0,2,0,0.3838383838383838
1278,0,195,57.0,13.0,55,1279,12,1.0,186,2,3,2,0,2,2,0,2,0,0.3838383838383838
1279,0,600,21.0,7.75,192,1280,12,1.0,186,3,1,1,0,2,4,0,1,0,0.3838383838383838
1280,0,541,6.0,21.075,915,1281,8,1.0,186,3,4,1,4,1,1,3,2,1,0.3838383838383838
1281,0,86,23.0,93.5,934,1282,12,1.0,28,1,0,3,0,2,4,0,2,0,0.3838383838383838
1282,1,809,51.0,39.4,715,1283,13,2.0,127,1,0,3,1,3,2,0,2,1,0.3838383838383838
1283,0,753,13.0,20.25,1,1284,8,1.0,186,3,4,1,2,3,4,0,2,2,0.3838383838383838
1284,0,757,47.0,10.5,437,1285,12,1.0,186,2,3,2,0,2,2,0,2,0,0.3838383838383838
1285,0,365,29.0,22.025,654,1286,12,1.0,186,3,4,1,4,1,0,3,2,1,0.3838383838383838
1286,1,98,18.0,60.0,1119,1287,13,2.0,83,1,0,3,1,3,4,1,2,0,0.3838383838383838
1287,0,645,24.0,7.25,246,1288,12,1.0,186,3,1,1,0,2,4,0,1,0,0.3838383838383838
1288,1,96,48.0,79.2,417,1289,13,2.0,39,1,0,3,2,3,2,1,0,1,0.3838383838383838
1289,0,442,22.0,7.775,683,1290,12,1.0,186,3,1,1,0,2,4,0,2,0,0.3838383838383838
1290,0,132,31.0,7.7333,259,1291,12,1.0,186,3,1,1,0,2,0,0,1,0,0.3838383838383838
1291,1,626,30.0,164.8667,132,1292,9,2.0,100,1,0,3,0,2,0,0,2,0,0.3838383838383838
1292,0,313,38.0,21.0,424,1293,12,1.0,186,2,4,2,1,3,0,1,2,0,0.3838383838383838
1293,1,23,22.0,59.4,434,1294,9,2.0,186,1,0,3,1,3,4,0,0,1,0.3838383838383838
1294,0,35,17.0,47.1,206,1295,12,1.0,186,1,0,3,0,2,4,0,2,0,0.3838383838383838
1295,0,116,43.0,27.7208,413,1296,12,1.0,135,1,5,3,1,3,0,1,0,0,0.3838383838383838
1296,0,865,20.0,13.8625,872,1297,12,1.0,134,2,3,2,0,2,4,0,0,0,0.3838383838383838
1297,0,315,23.0,10.5,1229,1298,12,1.0,186,2,3,2,1,3,4,1,2,0,0.3838383838383838
1298,0,37,50.0,211.5,1260,1299,12,1.0,103,1,0,3,2,3,2,1,0,1,0.3838383838383838
1299,1,394,21.774238095238097,7.7208,1006,1300,9,2.0,186,3,1,1,0,2,4,0,1,0,0.3838383838383838
1300,1,883,3.0,13.775,936,1301,9,2.0,186,3,3,1,2,3,1,1,2,1,0.3838383838383838
1301,1,605,21.774238095238097,7.75,849,1302,9,2.0,186,3,1,1,0,2,4,0,1,0,0.3838383838383838
1302,1,120,37.0,90.0,801,1303,13,2.0,102,1,0,3,1,3,0,1,1,0,0.3838383838383838
1303,1,462,28.0,7.775,527,1304,9,2.0,186,3,1,1,0,2,0,0,2,0,0.3838383838383838
1304,0,711,32.25215146299484,8.05,1126,1305,12,1.0,186,3,3,1,0,2,0,0,2,0,0.3838383838383838
1305,1,834,39.0,108.9,891,1306,3,1.0,64,1,0,3,0,2,0,0,0,0,0.3838383838383838
1306,0,872,38.5,7.25,1046,1307,12,1.0,186,3,1,1,0,2,0,0,2,0,0.3838383838383838
1307,0,579,32.25215146299484,8.05,1227,1308,12,1.0,186,3,3,1,0,2,0,0,2,0,0.3838383838383838
1308,0,262,5.482641509433963,22.3583,953,1309,8,1.0,186,3,4,1,2,3,1,1,0,1,0.3838383838383838
